{
  "feature": "minecraft:dark_forest_vegetation",
  "placement": [
    {
      "type": "minecraft:count",
      "count": 16
    },
    {
      "type": "minecraft:count_on_every_layer",
      "count": 1
    },
    {
      "type": "minecraft:block_predicate_filter",
      "predicate": {
        "type": "minecraft:matching_blocks",
        "offset": [
          0,
          0,
          0
        ],
        "blocks": "minecraft:air"
      }
    },
    {
      "type": "minecraft:biome"
    }
  ]
}