{
  "feature": "minecraft:mangrove_vegetation",
  "placement": [
    {
      "type": "minecraft:count",
      "count": 25
    },
    {
      "type": "minecraft:count_on_every_layer",
      "count": 1
    },
    {
      "type": "minecraft:surface_water_depth_filter",
      "max_water_depth": 5
    },
    {
      "type": "minecraft:biome"
    },
    {
      "type": "minecraft:block_predicate_filter",
      "predicate": {
        "type": "minecraft:would_survive",
        "state": {
          "Name": "minecraft:mangrove_propagule",
          "Properties": {
            "age": "0",
            "hanging": "false",
            "stage": "0",
            "waterlogged": "false"
          }
        }
      }
    }
  ]
}