{
    "feature": "terralith:alpha/flowers",
    "placement": [
        {
            "type": "minecraft:rarity_filter",
            "chance": 2
        },
        {
            "type": "minecraft:in_square"
        },
        {
            "type": "minecraft:heightmap",
            "heightmap": "MOTION_BLOCKING_NO_LEAVES"
        },
        {
            "type": "minecraft:count",
            "count": {
                "type": "minecraft:clamped",
                "min_inclusive": 0,
                "max_inclusive": 1,
                "source": {
                    "type": "minecraft:uniform",
                    "min_inclusive": -3,
                    "max_inclusive": 1
                }
            }
        },
        {
            "type": "minecraft:biome"
        }
    ]
}