{
    "name": "Bite-Sized",
    "description": "You are significantly smaller than a typical autist and have half as much health. Your stubby little arms have reduced reach.",
    "type": "origins:multiple",
    "key0": {
        "type": "origins:attribute",
        "modifiers": [
            {
                "attribute": "minecraft:generic.max_health",
                "operation": "addition",
                "value": -10,
                "name": "Max Health Reduced"
            },
            {
                "attribute": "forge:entity_reach",
                "operation": "addition",
                "value": -1,
                "name": "Attack Range Reduced"
            },
            {
                "attribute": "forge:block_reach",
                "operation": "addition",
                "value": -1,
                "name": "Block Reach Reduced"
            }
        ],
        "update_health": true
    },
    "key1": {
        "type": "origins:action_on_callback",
        "entity_action_chosen": {
            "type": "origins:and",
            "actions": [
                {
                    "type": "origins:execute_command",
                    "command": "scale set pehkui:height 0.25 @s"
                },
                {
                    "type": "origins:execute_command",
                    "command": "scale set pehkui:width 0.25 @s"
                },
                {
                    "type": "origins:execute_command",
                    "command": "scale persist set true @s"
                }
            ]
        },
        "execute_chosen_when_orb": true,
        "entity_action_lost": {
            "type": "origins:execute_command",
            "command": "scale reset @s"
        },
        "entity_action_respawned": {
            "type": "origins:and",
            "actions": [
                {
                    "type": "origins:execute_command",
                    "command": "scale set pehkui:height 0.25 @s"
                },
                {
                    "type": "origins:execute_command",
                    "command": "scale set pehkui:width 0.25 @s"
                },
                {
                    "type": "origins:execute_command",
                    "command": "scale persist set true @s"
                }
            ]
        }
    }
}