{
    "name": "Hunger for Slaughter",
    "description": "Desire for violence arises within you.",
    "type": "origins:multiple",
    "key0": {
        "type": "origins:modify_damage_dealt",
        "modifier": {
            "operation": "multiply_base",
            "value": 0.3,
            "name": "Hunger for Slaughter"
        }
    },
    "key1": {
        "type": "origins:modify_damage_taken",
        "modifier": {
            "operation": "multiply_base",
            "value": 0.3,
            "name": "Hunger for Slaughter"
        }
    }
}