{
    "name": "Dwarfism",
    "description": "You feel like everything is getting bigger.",
    "type": "origins:multiple",
    "key0": {
        "type": "origins:attribute",
        "modifiers": [
            {
                "attribute": "forge:entity_reach",
                "operation": "addition",
                "value": -0.25,
                "name": "Attack Range Reduced"
            },
            {
                "attribute": "forge:block_reach",
                "operation": "addition",
                "value": -0.25,
                "name": "Block Reach Reduced"
            }
        ],
        "update_health": true
    },
    "key1": {
        "type": "origins:action_on_callback",
        "execute_chosen_when_orb": true,
        "entity_action_gained": {
            "type": "origins:and",
            "actions": [
                {
                    "type": "origins:execute_command",
                    "command": "scale set pehkui:height 0.75 @s"
                },
                {
                    "type": "origins:execute_command",
                    "command": "scale set pehkui:width 0.9 @s"
                },
                {
                    "type": "origins:execute_command",
                    "command": "scale persist set true @s"
                }
            ]
        },
        "entity_action_lost": {
            "type": "origins:execute_command",
            "command": "scale reset @s"
        },
        "entity_action_respawned": {
            "type": "origins:and",
            "actions": [
                {
                    "type": "origins:execute_command",
                    "command": "scale set pehkui:height 0.75 @s"
                },
                {
                    "type": "origins:execute_command",
                    "command": "scale set pehkui:width 0.9 @s"
                },
                {
                    "type": "origins:execute_command",
                    "command": "scale persist set true @s"
                }
            ]
        }
    }
}