{
    "name": "Enemy Of All Living Things",
    "description": "Your existence provokes living things.",
    "type": "origins:action_over_time",
    "interval": 100,
    "entity_action": {
        "type": "origins:area_of_effect",
        "radius": 4,
        "bientity_condition": {
            "type": "origins:target_condition",
            "condition": {
                "type": "origins:and",
                "conditions": [
                    {
                        "type": "origins:living"
                    },
                    {
                        "inverted": true,
                        "type": "origins:tamed"
                    }
                ]
            }
        },
        "bientity_action": {
            "type": "origins:target_action",
            "action": {
                "type": "origins:apply_effect",
                "effect": {
                    "effect": "alexscaves:rage",
                    "duration": 20,
                    "amplifier": 0,
                    "show_particles": true,
                    "show_icon": true
                }
            }
        }
    }
}