{
    "name": "Hanny Flash",
    "description": "By resonating sound waves in your hollow body, you can launch a special sonic attack that bypasses armor. Press [Primary] to fire.",
    "type": "origins:active_self",
    "entity_action": {
        "type": "origins:raycast",
        "distance": 16,
        "block": false,
        "entity": true,
        "shape_type": "outline",
        "fluid_handling": "any",
        "bientity_condition": {
            "type": "origins:target_condition",
            "condition": {
                "type": "origins:living"
            }
        },
        "bientity_action": {
            "type": "origins:and",
            "actions": [
                {
                    "type": "origins:damage",
                    "amount": 5,
                    "source": {
                        "name": "magic",
                        "bypasses_armor": true,
                        "unblockable": true,
                        "magic": true
                    }
                }
            ]
        },
        "hit_action": {
            "type": "origins:and",
            "actions": [
                {
                    "type": "origins:execute_command",
                    "command": "playsound alexscaves:submarine_sonar master @a[distance=..16] ~ ~ ~ 0.25 0.25"
                },
                {
                    "type": "origins:execute_command",
                    "command": "playsound alexscaves:submarine_sonar master @a[distance=..16] ~ ~ ~ 0.25 0.5"
                },
                {
                    "type": "origins:execute_command",
                    "command": "playsound alexscaves:submarine_sonar master @a[distance=..16] ~ ~ ~ 0.25 1"
                },
                {
                    "type": "origins:execute_command",
                    "command": "playsound alexscaves:submarine_sonar master @a[distance=..16] ~ ~ ~ 0.25 1.5"
                }
            ]
        },
        "miss_action": {
            "type": "origins:and",
            "actions": [
                {
                    "type": "origins:execute_command",
                    "command": "playsound alexscaves:submarine_sonar master @a[distance=..16] ~ ~ ~ 0.25 0.25"
                },
                {
                    "type": "origins:execute_command",
                    "command": "playsound alexscaves:submarine_sonar master @a[distance=..16] ~ ~ ~ 0.25 0.5"
                },
                {
                    "type": "origins:execute_command",
                    "command": "playsound alexscaves:submarine_sonar master @a[distance=..16] ~ ~ ~ 0.25 1"
                },
                {
                    "type": "origins:execute_command",
                    "command": "playsound alexscaves:submarine_sonar master @a[distance=..16] ~ ~ ~ 0.25 1.5"
                }
            ]
        },
        "command_along_ray": "particle minecraft:sonic_boom"
    },
    "cooldown": 100,
    "key": {
        "key": "key.origins.primary_active"
    }
}