{
    "name": "Moon Sugar",
    "description": "You get a rush from eating sweet, sweet sugar.",
    "condition": {
        "type": "origins:equipped_item",
        "equipment_slot": "mainhand",
        "item_condition": {
            "type": "origins:ingredient",
            "ingredient": {
                "item": "minecraft:sugar"
            }
        }
    },
    "type": "origins:active_self",
    "entity_action": {
        "type": "origins:and",
        "actions": [
            {
                "type": "origins:equipped_item_action",
                "equipment_slot": "mainhand",
                "action": {
                    "type": "origins:consume",
                    "amount": 1
                }
            },
            {
                "type": "origins:apply_effect",
                "effect": {
                    "effect": "alexscaves:sugar_rush",
                    "duration": 200,
                    "amplifier": 2,
                    "is_ambient": true,
                    "show_particles": true,
                    "show_icon": true
                }
            }
        ]
    },
    "cooldown": 1,
    "hud_render": {
        "should_render": false
    },
    "key": {
        "key": "key.use",
        "continuous": false
    }
}