{
    "name": "Start Item: Gelatin",
    "description": "Blobbians spawn with a generic gelatin dessert that is unaffiliated with Jell-O™.",
    "type": "origins:multiple",
    "equipment": {
        "type": "origins:starting_equipment",
        "stack": {
            "item": "alexscaves:gelatin_green",
            "amount": 1
        }
    },
    "quests": {
        "type": "origins:action_on_callback",
        "execute_chosen_when_orb": true,
        "entity_action_gained": {
            "type": "origins:execute_command",
            "command": "/ftbquests change_progress @p complete 4EAB29CE8895395E"
        },
        "entity_action_lost": {
            "type": "origins:execute_command",
            "command": "/ftbquests change_progress @p reset 4EAB29CE8895395E"
        }
    }
}