{
    "name": "Ring of Seven Curses",
    "description": "Accursed Ones spawn with a dreadful cursed ring. Once equipped, the ring cannot be removed unless you grasp divine power with your own bloody hands.",
    "type": "origins:multiple",
    "equipment": {
        "type": "origins:starting_equipment",
        "stack": {
            "item": "enigmaticlegacy:cursed_ring",
            "amount": 1
        }
    },
    "quests": {
        "type": "origins:action_on_callback",
        "execute_chosen_when_orb": true,
        "entity_action_gained": {
            "type": "origins:execute_command",
            "command": "/ftbquests change_progress @p complete 22107772A91372B0"
        },
        "entity_action_lost": {
            "type": "origins:execute_command",
            "command": "/ftbquests change_progress @p reset 22107772A91372B0"
        }
    }
}