{
    "name": "Swoop",
    "description": "You can burn a a bit of blood sugar for a sudden burst of forward movement.",
    "condition": {
        "type": "origins:resource",
        "resource": "autisorigins:sugar_addict",
        "comparison": ">",
        "compare_to": 0
    },
    "type": "origins:active_self",
    "entity_action": {
        "type": "origins:and",
        "actions": [
            {
                "type": "origins:add_velocity",
                "z": 1.5,
                "space": "local",
                "client": true,
                "server": true
            },
            {
                "type": "origins:play_sound",
                "sound": "bettercombat:fist_punch",
                "volume": 1,
                "pitch": 0.7
            },
            {
                "type": "origins:modify_resource",
                "resource": "autisorigins:sugar_addict",
                "modifier": {
                    "operation": "addition",
                    "value": -10,
                    "name": "Swoop Sugar Usage"
                }
            }
        ]
    },
    "cooldown": 20,
    "key": {
        "key": "key.origins.secondary_active"
    }
}