{
    "type": "minecraft:vegetation_patch",
    "config": {
        "depth": 1,
        "extra_bottom_block_chance": 0,
        "extra_edge_column_chance": 0.5,
        "ground_state": {
            "type": "minecraft:dual_noise_provider",
            "noise": {
                "amplitudes": [
                    1.5,
                    1.25,
                    2
                ],
                "firstOctave": -2
            },
            "scale": 0.65,
            "seed": 66,
            "slow_noise": {
                "amplitudes": [
                    1.25,
                    1,
                    1.25,
                    3.25
                ],
                "firstOctave": -4
            },
            "slow_scale": 1,
            "states": [
                {
                    "Name": "minecraft:blue_ice"
                },
                {
                    "Name": "minecraft:packed_ice"
                },
                {
                    "Name": "minecraft:packed_ice"
                },
                {
                    "Name": "minecraft:blue_ice"
                }
            ],
            "variety": {
                "min_inclusive": 1,
                "max_inclusive": 5
            }
        },
        "replaceable": "#terralith:island_blocks",
        "surface": "ceiling",
        "vegetation_chance": 0.8,
        "vegetation_feature": {
            "feature": {
                "type": "minecraft:random_selector",
                "config": {
                    "default": {
                        "feature": {
                            "type": "minecraft:simple_block",
                            "config": {
                                "to_place": {
                                    "type": "minecraft:dual_noise_provider",
                                    "noise": {
                                        "amplitudes": [
                                            1.5,
                                            1.25,
                                            2
                                        ],
                                        "firstOctave": -2
                                    },
                                    "scale": 0.65,
                                    "seed": 66,
                                    "slow_noise": {
                                        "amplitudes": [
                                            1.25,
                                            1,
                                            1.25,
                                            3.25
                                        ],
                                        "firstOctave": -4
                                    },
                                    "slow_scale": 1,
                                    "states": [
                                        {
                                            "Name": "minecraft:blue_ice"
                                        },
                                        {
                                            "Name": "minecraft:packed_ice"
                                        },
                                        {
                                            "Name": "minecraft:packed_ice"
                                        },
                                        {
                                            "Name": "minecraft:blue_ice"
                                        }
                                    ],
                                    "variety": {
                                        "min_inclusive": 1,
                                        "max_inclusive": 5
                                    }
                                }
                            }
                        },
                        "placement": [
                            {
                                "type": "minecraft:block_predicate_filter",
                                "predicate": {
                                    "type": "minecraft:all_of",
                                    "predicates": [
                                        {
                                            "type": "minecraft:not",
                                            "predicate": {
                                                "type": "minecraft:all_of",
                                                "predicates": [
                                                    {
                                                        "type": "minecraft:matching_blocks",
                                                        "blocks": [
                                                            "minecraft:ice"
                                                        ],
                                                        "offset": [
                                                            0,
                                                            1,
                                                            0
                                                        ]
                                                    },
                                                    {
                                                        "type": "minecraft:matching_blocks",
                                                        "blocks": [
                                                            "minecraft:ice"
                                                        ],
                                                        "offset": [
                                                            0,
                                                            2,
                                                            0
                                                        ]
                                                    },
                                                    {
                                                        "type": "minecraft:matching_blocks",
                                                        "blocks": [
                                                            "minecraft:ice"
                                                        ],
                                                        "offset": [
                                                            0,
                                                            3,
                                                            0
                                                        ]
                                                    }
                                                ]
                                            }
                                        },
                                        {
                                            "type": "minecraft:not",
                                            "predicate": {
                                                "type": "minecraft:matching_blocks",
                                                "blocks": [
                                                    "minecraft:air"
                                                ],
                                                "offset": [
                                                    1,
                                                    2,
                                                    0
                                                ]
                                            }
                                        },
                                        {
                                            "type": "minecraft:not",
                                            "predicate": {
                                                "type": "minecraft:matching_blocks",
                                                "blocks": [
                                                    "minecraft:air"
                                                ],
                                                "offset": [
                                                    -1,
                                                    2,
                                                    0
                                                ]
                                            }
                                        },
                                        {
                                            "type": "minecraft:not",
                                            "predicate": {
                                                "type": "minecraft:matching_blocks",
                                                "blocks": [
                                                    "minecraft:air"
                                                ],
                                                "offset": [
                                                    0,
                                                    2,
                                                    -1
                                                ]
                                            }
                                        },
                                        {
                                            "type": "minecraft:not",
                                            "predicate": {
                                                "type": "minecraft:matching_blocks",
                                                "blocks": [
                                                    "minecraft:air"
                                                ],
                                                "offset": [
                                                    0,
                                                    2,
                                                    1
                                                ]
                                            }
                                        }
                                    ]
                                }
                            }
                        ]
                    },
                    "features": [
                        {
                            "chance": 0.76,
                            "feature": {
                                "feature": {
                                    "type": "minecraft:simple_block",
                                    "config": {
                                        "to_place": {
                                            "type": "minecraft:dual_noise_provider",
                                            "noise": {
                                                "amplitudes": [
                                                    1.5,
                                                    1.25,
                                                    2
                                                ],
                                                "firstOctave": -2
                                            },
                                            "scale": 0.65,
                                            "seed": 66,
                                            "slow_noise": {
                                                "amplitudes": [
                                                    1.25,
                                                    1,
                                                    1.25,
                                                    3.25
                                                ],
                                                "firstOctave": -4
                                            },
                                            "slow_scale": 1,
                                            "states": [
                                                {
                                                    "Name": "minecraft:blue_ice"
                                                },
                                                {
                                                    "Name": "minecraft:packed_ice"
                                                },
                                                {
                                                    "Name": "minecraft:packed_ice"
                                                },
                                                {
                                                    "Name": "minecraft:blue_ice"
                                                }
                                            ],
                                            "variety": {
                                                "min_inclusive": 1,
                                                "max_inclusive": 5
                                            }
                                        }
                                    }
                                },
                                "placement": [
                                    {
                                        "type": "minecraft:block_predicate_filter",
                                        "predicate": {
                                            "type": "minecraft:all_of",
                                            "predicates": [
                                                {
                                                    "type": "minecraft:not",
                                                    "predicate": {
                                                        "type": "minecraft:all_of",
                                                        "predicates": [
                                                            {
                                                                "type": "minecraft:matching_blocks",
                                                                "blocks": [
                                                                    "minecraft:ice"
                                                                ],
                                                                "offset": [
                                                                    0,
                                                                    1,
                                                                    0
                                                                ]
                                                            },
                                                            {
                                                                "type": "minecraft:matching_blocks",
                                                                "blocks": [
                                                                    "minecraft:ice"
                                                                ],
                                                                "offset": [
                                                                    0,
                                                                    2,
                                                                    0
                                                                ]
                                                            },
                                                            {
                                                                "type": "minecraft:matching_blocks",
                                                                "blocks": [
                                                                    "minecraft:ice"
                                                                ],
                                                                "offset": [
                                                                    0,
                                                                    3,
                                                                    0
                                                                ]
                                                            }
                                                        ]
                                                    }
                                                },
                                                {
                                                    "type": "minecraft:not",
                                                    "predicate": {
                                                        "type": "minecraft:matching_blocks",
                                                        "blocks": [
                                                            "minecraft:air"
                                                        ],
                                                        "offset": [
                                                            1,
                                                            1,
                                                            0
                                                        ]
                                                    }
                                                },
                                                {
                                                    "type": "minecraft:not",
                                                    "predicate": {
                                                        "type": "minecraft:matching_blocks",
                                                        "blocks": [
                                                            "minecraft:air"
                                                        ],
                                                        "offset": [
                                                            -1,
                                                            1,
                                                            0
                                                        ]
                                                    }
                                                },
                                                {
                                                    "type": "minecraft:not",
                                                    "predicate": {
                                                        "type": "minecraft:matching_blocks",
                                                        "blocks": [
                                                            "minecraft:air"
                                                        ],
                                                        "offset": [
                                                            0,
                                                            1,
                                                            -1
                                                        ]
                                                    }
                                                },
                                                {
                                                    "type": "minecraft:not",
                                                    "predicate": {
                                                        "type": "minecraft:matching_blocks",
                                                        "blocks": [
                                                            "minecraft:air"
                                                        ],
                                                        "offset": [
                                                            0,
                                                            1,
                                                            1
                                                        ]
                                                    }
                                                }
                                            ]
                                        }
                                    }
                                ]
                            }
                        },
                        {
                            "chance": 0.2,
                            "feature": {
                                "feature": {
                                    "type": "minecraft:block_column",
                                    "config": {
                                        "allowed_placement": {
                                            "type": "minecraft:matching_blocks",
                                            "blocks": [
                                                "minecraft:air"
                                            ]
                                        },
                                        "direction": "down",
                                        "layers": [
                                            {
                                                "height": {
                                                    "type": "minecraft:biased_to_bottom",
                                                    "min_inclusive": 1,
                                                    "max_inclusive": 15
                                                },
                                                "provider": {
                                                    "type": "minecraft:simple_state_provider",
                                                    "state": {
                                                        "Name": "minecraft:ice"
                                                    }
                                                }
                                            }
                                        ],
                                        "prioritize_tip": false
                                    }
                                },
                                "placement": [
                                    {
                                        "type": "minecraft:noise_based_count",
                                        "noise_factor": 31,
                                        "noise_offset": 0,
                                        "noise_to_count_ratio": 50
                                    },
                                    {
                                        "type": "minecraft:rarity_filter",
                                        "chance": 20
                                    }
                                ]
                            }
                        }
                    ]
                }
            },
            "placement": []
        },
        "vertical_range": 7,
        "xz_radius": {
            "type": "minecraft:uniform",
            "min_inclusive": 4,
            "max_inclusive": 8
        }
    }
}