{
    "type": "minecraft:geode",
    "config": {
        "blocks": {
            "alternate_inner_layer_provider": {
                "type": "minecraft:simple_state_provider",
                "state": {
                    "Name": "minecraft:cave_air"
                }
            },
            "cannot_replace": "#terralith:island_ban_winter",
            "filling_provider": {
                "type": "minecraft:simple_state_provider",
                "state": {
                    "Name": "minecraft:cave_air"
                }
            },
            "inner_layer_provider": {
                "type": "minecraft:simple_state_provider",
                "state": {
                    "Name": "minecraft:cave_air"
                }
            },
            "inner_placements": [
                {
                    "Name": "minecraft:calcite"
                }
            ],
            "invalid_blocks": "#minecraft:features_cannot_replace",
            "middle_layer_provider": {
                "type": "minecraft:dual_noise_provider",
                "noise": {
                    "amplitudes": [
                        1,
                        0.75
                    ],
                    "firstOctave": -6
                },
                "scale": 1,
                "seed": 66,
                "slow_noise": {
                    "amplitudes": [
                        5.25,
                        0.75,
                        1.25,
                        5.5
                    ],
                    "firstOctave": -7
                },
                "slow_scale": 1,
                "states": [
                    {
                        "Name": "minecraft:calcite"
                    },
                    {
                        "Name": "minecraft:diorite"
                    },
                    {
                        "Name": "minecraft:calcite"
                    },
                    {
                        "Name": "minecraft:ice"
                    },
                    {
                        "Name": "minecraft:calcite"
                    },
                    {
                        "Name": "minecraft:calcite"
                    },
                    {
                        "Name": "minecraft:calcite"
                    }
                ],
                "variety": {
                    "min_inclusive": 1,
                    "max_inclusive": 3
                }
            },
            "outer_layer_provider": {
                "type": "minecraft:dual_noise_provider",
                "noise": {
                    "amplitudes": [
                        1,
                        0.75
                    ],
                    "firstOctave": -6
                },
                "scale": 1,
                "seed": 66,
                "slow_noise": {
                    "amplitudes": [
                        5.25,
                        0.75,
                        1.25,
                        5.5
                    ],
                    "firstOctave": -7
                },
                "slow_scale": 1,
                "states": [
                    {
                        "Name": "minecraft:calcite"
                    },
                    {
                        "Name": "minecraft:diorite"
                    },
                    {
                        "Name": "minecraft:calcite"
                    },
                    {
                        "Name": "minecraft:ice"
                    },
                    {
                        "Name": "minecraft:calcite"
                    },
                    {
                        "Name": "minecraft:calcite"
                    },
                    {
                        "Name": "minecraft:calcite"
                    }
                ],
                "variety": {
                    "min_inclusive": 1,
                    "max_inclusive": 3
                }
            }
        },
        "crack": {
            "base_crack_size": 3,
            "crack_point_offset": 2,
            "generate_crack_chance": 0
        },
        "distribution_points": {
            "type": "minecraft:uniform",
            "min_inclusive": 3,
            "max_inclusive": 3
        },
        "invalid_blocks_threshold": 255,
        "layers": {
            "filling": 3,
            "inner_layer": 5,
            "middle_layer": 7,
            "outer_layer": 9
        },
        "max_gen_offset": 15,
        "min_gen_offset": -15,
        "noise_multiplier": 0.035,
        "placements_require_layer0_alternate": true,
        "point_offset": {
            "type": "minecraft:uniform",
            "min_inclusive": 5,
            "max_inclusive": 8
        },
        "use_alternate_layer0_chance": 0.085,
        "use_potential_placements_chance": 0.35
    }
}