{
    "type": "minecraft:vegetation_patch",
    "config": {
        "depth": 1,
        "extra_bottom_block_chance": 0,
        "extra_edge_column_chance": 0.5,
        "ground_state": {
            "type": "minecraft:noise_provider",
            "noise": {
                "amplitudes": [
                    1,
                    1,
                    1.25,
                    1.75
                ],
                "firstOctave": -4
            },
            "scale": 1,
            "seed": 0,
            "states": [
                {
                    "Name": "minecraft:snow_block"
                },
                {
                    "Name": "minecraft:snow_block"
                },
                {
                    "Name": "minecraft:snow_block"
                },
                {
                    "Name": "minecraft:snow_block"
                },
                {
                    "Name": "minecraft:powder_snow"
                }
            ]
        },
        "replaceable": "#terralith:cobblestone_snow",
        "surface": "floor",
        "vegetation_chance": 1,
        "vegetation_feature": {
            "feature": {
                "type": "minecraft:simple_block",
                "config": {
                    "to_place": {
                        "type": "minecraft:noise_provider",
                        "noise": {
                            "amplitudes": [
                                1,
                                0.75
                            ],
                            "firstOctave": -4
                        },
                        "scale": 1,
                        "seed": 0,
                        "states": [
                            {
                                "Name": "minecraft:snow",
                                "Properties": {
                                    "layers": "1"
                                }
                            },
                            {
                                "Name": "minecraft:snow",
                                "Properties": {
                                    "layers": "1"
                                }
                            },
                            {
                                "Name": "minecraft:snow",
                                "Properties": {
                                    "layers": "1"
                                }
                            },
                            {
                                "Name": "minecraft:snow",
                                "Properties": {
                                    "layers": "2"
                                }
                            },
                            {
                                "Name": "minecraft:snow",
                                "Properties": {
                                    "layers": "2"
                                }
                            },
                            {
                                "Name": "minecraft:snow",
                                "Properties": {
                                    "layers": "3"
                                }
                            },
                            {
                                "Name": "minecraft:snow",
                                "Properties": {
                                    "layers": "2"
                                }
                            },
                            {
                                "Name": "minecraft:snow",
                                "Properties": {
                                    "layers": "2"
                                }
                            },
                            {
                                "Name": "minecraft:snow",
                                "Properties": {
                                    "layers": "1"
                                }
                            },
                            {
                                "Name": "minecraft:snow",
                                "Properties": {
                                    "layers": "1"
                                }
                            },
                            {
                                "Name": "minecraft:snow",
                                "Properties": {
                                    "layers": "1"
                                }
                            }
                        ]
                    }
                }
            },
            "placement": []
        },
        "vertical_range": 3,
        "xz_radius": {
            "type": "minecraft:uniform",
            "min_inclusive": 0,
            "max_inclusive": 1
        }
    }
}