{
  "feature": "terralith:savanna/badlands/grass_granite",
  "placement": [
    {
      "type": "minecraft:count",
      "count": 20
    },
    {
      "type": "minecraft:count",
      "count": 10
    },
    {
      "type": "minecraft:in_square"
    },
    {
      "type": "minecraft:heightmap",
      "heightmap": "WORLD_SURFACE_WG"
    },
    {
      "type": "minecraft:block_predicate_filter",
      "predicate": {
        "type": "minecraft:all_of",
        "predicates": [
          {
            "type": "minecraft:matching_blocks",
            "blocks": [
              "minecraft:air",
              "minecraft:short_grass",
              "minecraft:tall_grass"
            ],
            "offset": [
              0,
              0,
              0
            ]
          },
          {
            "type": "minecraft:matching_blocks",
            "blocks": [
              "minecraft:air",
              "minecraft:short_grass",
              "minecraft:tall_grass"
            ],
            "offset": [
              1,
              0,
              0
            ]
          },
          {
            "type": "minecraft:matching_blocks",
            "blocks": [
              "minecraft:air",
              "minecraft:short_grass",
              "minecraft:tall_grass"
            ],
            "offset": [
              0,
              0,
              1
            ]
          },
          {
            "type": "minecraft:matching_blocks",
            "blocks": [
              "minecraft:air",
              "minecraft:short_grass",
              "minecraft:tall_grass"
            ],
            "offset": [
              -1,
              0,
              0
            ]
          },
          {
            "type": "minecraft:matching_blocks",
            "blocks": [
              "minecraft:air",
              "minecraft:short_grass",
              "minecraft:tall_grass"
            ],
            "offset": [
              0,
              0,
              -1
            ]
          },
          {
            "type": "minecraft:matching_blocks",
            "blocks": [
              "minecraft:air",
              "minecraft:short_grass",
              "minecraft:tall_grass"
            ],
            "offset": [
              2,
              0,
              0
            ]
          },
          {
            "type": "minecraft:matching_blocks",
            "blocks": [
              "minecraft:air",
              "minecraft:short_grass",
              "minecraft:tall_grass"
            ],
            "offset": [
              0,
              0,
              2
            ]
          },
          {
            "type": "minecraft:matching_blocks",
            "blocks": [
              "minecraft:air",
              "minecraft:short_grass",
              "minecraft:tall_grass"
            ],
            "offset": [
              -2,
              0,
              0
            ]
          },
          {
            "type": "minecraft:matching_blocks",
            "blocks": [
              "minecraft:air",
              "minecraft:short_grass",
              "minecraft:tall_grass"
            ],
            "offset": [
              0,
              0,
              -2
            ]
          }
        ]
      }
    },
    {
      "type": "minecraft:biome"
    }
  ]
}