{
	"credit": "By LimonBlaze, made with Blockbench, ported to Create 6.0 by Eric Oswald",
	"parent": "block/block",
	"textures": {
		"nozzle": "create:block/spout_nozzle",
		"particle": "cabin:block/zinc_underside"
	},
	"elements": [
		{
			"from": [5, -4, 5],
			"to": [11, -2, 11],
			"rotation": {"angle": 0, "axis": "y", "origin": [16.5, 3.5, 16.5]},
			"faces": {
				"north": {"uv": [5, 14, 11, 16], "texture": "#nozzle"},
				"east": {"uv": [5, 14, 11, 16], "texture": "#nozzle"},
				"south": {"uv": [5, 14, 11, 16], "texture": "#nozzle"},
				"west": {"uv": [5, 14, 11, 16], "texture": "#nozzle"},
				"down": {"uv": [5, 5, 11, 11], "texture": "#nozzle"}
			}
		}
	],
	"display": {
		"thirdperson_righthand": {
			"rotation": [75, 45, 0],
			"translation": [0, 2.5, 0],
			"scale": [0.375, 0.375, 0.375]
		},
		"thirdperson_lefthand": {
			"rotation": [75, 45, 0],
			"translation": [0, 2.5, 0],
			"scale": [0.375, 0.375, 0.375]
		},
		"firstperson_righthand": {
			"rotation": [0, 45, 0],
			"scale": [0.4, 0.4, 0.4]
		},
		"firstperson_lefthand": {
			"rotation": [0, 225, 0],
			"scale": [0.4, 0.4, 0.4]
		},
		"ground": {
			"translation": [0, 3, 0],
			"scale": [0.25, 0.25, 0.25]
		},
		"gui": {
			"rotation": [30, 225, 0],
			"translation": [0, 1, 0],
			"scale": [0.625, 0.625, 0.625]
		},
		"fixed": {
			"scale": [0.5, 0.5, 0.5]
		}
	},
	"groups": [
		{
			"name": "tube",
			"origin": [16.5, 3.5, 16.5],
			"color": 0,
			"children": [0]
		}
	]
}