{
  "type": "minecraft:barter",
  "pools": [
    {
      "bonus_rolls": 0.0,
      "entries": [

        {
          "type": "minecraft:item",
          "functions": [
            {
              "add": false,
              "count": {
                "type": "minecraft:uniform",
                "max": 2.0,
                "min": 1.0
              },
              "function": "minecraft:set_count"
            }
          ],
          "name": "scguns:sheol_dust",
          "weight": 2
        },
        {
          "type": "minecraft:item",
          "name": "scguns:piglin_blueprint",
          "weight": 0.2
        }
      ],
      "rolls": 1.0
    }
  ]
}