{
  "feature": "minecraft:patch_leaf_litter",
  "placement": [
    {
      "type": "minecraft:count",
      "count": 2
    },
    {
      "type": "minecraft:count_on_every_layer",
      "count": 1
    },
    {
      "type": "minecraft:block_predicate_filter",
      "predicate": {
        "type": "minecraft:matching_blocks",
        "offset": [0, 0, 0],
        "blocks": "minecraft:air"
      }
    },
    {
      "type": "minecraft:block_predicate_filter",
      "predicate": {
        "type": "minecraft:would_survive",
        "state": {
          "Name": "minecraft:leaf_litter"
        }
      }
    },
    {
      "type": "minecraft:biome"
    }
  ]
}
