{
    "feature": {
        "type": "minecraft:netherrack_replace_blobs",
        "config": {
            "radius": {
                "type": "minecraft:uniform",
                "min_inclusive": 5,
                "max_inclusive": 12
            },
            "state": {
                "Name": "minecraft:diorite",
                "Properties": {}
            },
            "target": {
                "Name": "minecraft:stone"
            }
        }
    },
    "placement": [
        {
            "type": "minecraft:count",
            "count": {
                "type": "minecraft:weighted_list",
                "distribution": [
                    {
                        "data": 180,
                        "weight": 100
                    }
                ]
            }
        },
        {
            "type": "minecraft:in_square"
        },
        {
            "type": "minecraft:height_range",
            "height": {
                "type": "minecraft:uniform",
                "min_inclusive": {
                    "above_bottom": 0
                },
                "max_inclusive": {
                    "absolute": 256
                }
            }
        },
        {
            "type": "minecraft:noise_based_count",
            "noise_factor": 1050,
            "noise_offset": -0.6,
            "noise_to_count_ratio": 1
        },
        {
            "type": "minecraft:biome"
        }
    ]
}