{
  "type": "embers:melting",
  "bonus": {
    "amount": 10,
    "fluid": "tconstruct:molten_lead"
  },
  "conditions": [
    {
      "type": "forge:and",
      "values": [
        {
          "type": "forge:not",
          "value": {
            "type": "forge:tag_empty",
            "tag": "forge:raw_materials/silver"
          }
        }
      ]
    }
  ],
  "input": {
    "tag": "forge:raw_materials/silver"
  },
  "output": {
    "amount": 120,
    "fluid": "tconstruct:molten_silver"
  }
}