{
  "display": {
    "flash": {
      "size": 1.0,
      "yOffset": 4.0,
      "zOffset": -5.0,
      "textureLocation": "muzzle_flash_7"
    }
  },
  "general": {
    "weaponType": "shock",
    "alwaysSpread": false,
    "fireMode": "scguns:semi_automatic",
    "gripType": "scguns:two_handed",
    "baseGripType": "scguns:two_handed",
    "rate": 8,
    "projectileAmount": 1,
    "recoilAngle": 3.0,
    "recoilKick": 1.5,
    "spread": 1.0,
    "meleeDamage": 2.5,
    "meleeCooldownTicks": 20,
    "hotBarrelRate": 20,
    "meleeReach": 2.5,
    "criticalChance": 0.05
  },
  "modules": {
    "attachments": {
      "scope": {
        "size": 0.8,
        "yOffset": 5.7,
        "zOffset": 5.2
      },
      "stock": {
        "scale": 0.0
      }

    },
    "zoom": {
      "fovModifier": 0.6,
      "yOffset": 6.0,
      "zOffset": -1.0
    }
  },
  "projectile": {
    "advantage": "scguns:water",
    "damage": 8.0,
    "ejectsCasing": true,
    "gravity": false,
    "item": "scguns:shock_cell",
    "casingType": "scguns:empty_cell",
    "casingParticle": "scguns:iron_casing",
    "life": 40,
    "size": 0.05,
    "speed": 8.0,
    "trailLengthMultiplier": 2.0,
    "impactEffect": "minecraft:slowness",
    "impactEffectDuration": 200,
    "impactEffectChance": 0.4,
    "impactEffectAmplifier": 0
  },
  "reloads": {
    "emptyMagTimer": 10,
    "maxAmmo": 10,
    "reloadTimer": 30,
    "reloadType": "scguns:manual"
  },
  "sounds": {
    "cock": "scguns:item.makeshift_rifle.cock",
    "enchantedFire": "scguns:item.shock.fire",
    "fire": "scguns:item.shock.fire",
    "reload": "scguns:item.gauss.reload",
    "silencedFire": "scguns:item.shock.silenced_fire"
  }
}