{
  "display": {
    "flash": {
      "size": 1.3,
      "yOffset": 4.1,
      "zOffset": -4.7,
      "textureLocation": "muzzle_flash_1"
    }
  },
  "general": {
    "weaponType": "shotgun",
    "alwaysSpread": true,
    "fireMode": "scguns:semi_automatic",
    "gripType": "scguns:one_handed",
    "projectileAmount": 16,
    "rate": 13,
    "recoilAngle": 26.0,
    "recoilKick": 8.0,
    "spread": 12.25,
    "meleeDamage": 2.5,
    "meleeCooldownTicks": 20,
    "meleeReach": 2.5,
    "hotBarrelRate": 90,
    "criticalChance": 0.05,
    "playerKnockBack": true,
    "playerKnockBackStrength": 0.8
  },
  "modules": {
    "attachments": {
      "barrel": {
        "yOffset": 4.3,
        "zOffset": -5.7
      },
      "scope": {
        "size": 0.8,
        "yOffset": 5.8,
        "zOffset": 2.8
      }
    },
    "zoom": {
      "fovModifier": 0.6,
      "yOffset": 6.1,
      "zOffset": 0.85
    }
  },
  "projectile": {
    "knockbackStrength": 0.85,
    "advantage": "scguns:none",
    "damage": 26.5,
    "ejectsCasing": true,
    "ejectDuringReload": true,
    "gravity": false,
    "item": "scguns:bearpack_shell",
    "casingType": "scguns:medium_brass_casing",
    "casingParticle": "scguns:bearpack_shell",
    "life": 35,
    "size": 0.05,
    "speed": 4.0,
    "trailLengthMultiplier": 2.0
  },
  "reloads": {
    "emptyMagTimer": 10,
    "maxAmmo": 1,
    "reloadTimer": 20,
    "reloadType": "scguns:mag_fed"
  },
  "sounds": {
    "cock": "scguns:item.pistol.cock",
    "enchantedFire": "scguns:item.brass_shotgun.fire",
    "fire": "scguns:item.brass_shotgun.fire",
    "reload": "scguns:item.gauss.reload",
    "silencedFire": "scguns:item.combat_shotgun.silenced_fire"
  }
}