{
  "display": {
    "flash": {
      "size": 1.8,
      "yOffset": 2.2,
      "zOffset": -10.0,
      "textureLocation": "muzzle_flash_10"
    },
    "beamOrigin": {
      "horizontalOffset": 0.09,
      "verticalOffset": -0.075,
      "forwardOffset": 0.28,
      "aimHorizontalOffset": 0.0
    }
  },
  "general": {
    "weaponType": "laser",
    "hasCameraShake": false,
    "fireMode": "scguns:beam",
    "beamColor": "#ffea00",
    "secondaryBeamColor": "#edc76c",
    "enchantedBeamColor": "#27e2aa",
    "enchantedSecondaryBeamColor": "#24b398",
    "gripType": "scguns:mini_gun_2",
    "baseGripType": "scguns:mini_gun_2",
    "rate": 4,
    "recoilAngle": 0.0,
    "recoilKick": 0.0,
    "spread": 3.0,
    "meleeDamage": 4.0,
    "meleeCooldownTicks": 20,
    "hotBarrelRate": 10,
    "beamAmmoConsumptionDelay": 250,
    "beamDamageDelay": 0,
    "enableMining": true,
    "miningSpeed": 14.0,
    "beamMaxDistance": 40.0,
    "criticalChance": 0.05
  },
  "modules": {
  },
  "projectile": {
    "advantage": "scguns:none",
    "damage": 1.0,
    "gravity": false,
    "ejectsCasing": false,
    "item": "scguns:energy_core",
    "life": 50,
    "size": 1.0,
    "speed": 1.5,
    "trailLengthMultiplier": 2.0
  },
  "reloads": {
    "emptyMagTimer": 50,
    "maxAmmo": 150,
    "reloadItem": "scguns:energy_core",
    "reloadByproduct": "scguns:depleted_energy_core",
    "byproductChance": 0.7,
    "reloadTimer": 35,
    "reloadType": "scguns:single_item"
  },
  "sounds": {
    "cock": "scguns:item.pistol.cock",
    "enchantedFire": "scguns:item.beam.fire",
    "fire": "scguns:item.beam.fire",
    "reload": "scguns:item.flamethrower.reload"
  }
}