{
  "display": {
    "flash": {
      "size": 1.8,
      "yOffset": 2.5,
      "zOffset": -10.0,
      "textureLocation": "muzzle_flash_1"
    }
  },
  "general": {
    "weaponType": "heavy",
    "fireMode": "scguns:automatic",
    "gripType": "scguns:mini_gun_2",
    "baseGripType": "scguns:mini_gun_2",
    "rate": 6,
    "recoilAngle": 2.0,
    "recoilKick": 3.0,
    "spread": 3.0,
    "meleeDamage": 4.0,
    "meleeCooldownTicks": 20,
    "hotBarrelRate": 12,
    "criticalChance": 0.05,
    "speedModifier": 0.9
  },
  "modules": {
  },
  "projectile": {
    "visible": true,
    "advantage": "scguns:none",
    "damage": 15.5,
    "gravity": false,
    "ejectsCasing": true,
    "casingType": "scguns:small_iron_casing",
    "item": "scguns:microjet",
    "casingParticle": "scguns:iron_casing",
    "life": 50,
    "size": 1.0,
    "speed": 1.5,
    "trailLengthMultiplier": 2.0
  },
  "reloads": {
    "emptyMagTimer": 10,
    "reloadAmount": 3,
    "maxAmmo": 24,
    "reloadItem": "scguns:microjet",
    "reloadTimer": 15,
    "reloadType": "scguns:manual"
  },
  "sounds": {
    "cock": "scguns:item.pistol.cock",
    "enchantedFire": "scguns:item.gyrojet.fire",
    "fire": "scguns:item.gyrojet.fire",
    "reload": "scguns:item.gauss.reload"
  }
}