{
  "display": {
    "flash": {
      "size": 1.2,
      "yOffset": 4.2,
      "zOffset": -9.5,
      "textureLocation": "muzzle_flash_1"
    }
  },
  "general": {
    "weaponType": "shotgun",
    "alwaysSpread": true,
    "fireMode": "scguns:semi_automatic",
    "gripType": "scguns:two_handed",
    "baseGripType": "scguns:two_handed",
    "rate": 3,
    "recoilAngle": 6.5,
    "recoilKick": 3.5,
    "spread": 8.5,
    "projectileAmount": 18,
    "meleeDamage": 2.5,
    "meleeCooldownTicks": 20,
    "hotBarrelRate": 50,
    "criticalChance": 0.1,
    "playerKnockBack": true,
    "playerKnockBackStrength": 0.1
  },
  "modules": {
    "attachments": {
      "scope": {
        "yOffset": 5.5,
        "zOffset": 3.75
      },
      "stock": {
        "scale": 0.0
      },
      "underBarrel": {
        "yOffset": 1.0,
        "zOffset": 1.0
      }
    },
    "zoom": {
      "fovModifier": 0.6,
      "yOffset": 5.85,
      "zOffset": 0.75
    }
  },
  "projectile": {
    "knockbackStrength": 0.65,
    "advantage": "scguns:none",
    "damage": 23.5,
    "ejectsCasing": true,
    "gravity": false,
    "item": "scguns:shotgun_shell",
    "casingType": "scguns:small_copper_casing",
    "casingParticle": "scguns:shell",
    "life": 33,
    "size": 0.1,
    "speed": 4.0,
    "trailLengthMultiplier": 2.0
  },
  "reloads": {
    "emptyMagTimer": 50,
    "maxAmmo": 2,
    "reloadItem": "scguns:powder_and_ball",
    "reloadTimer": 50,
    "reloadType": "scguns:manual"
  },
  "sounds": {
    "cock": "scguns:item.pistol.cock",
    "enchantedFire": "scguns:item.blackpowder.fire",
    "fire": "scguns:item.blackpowder.fire",
    "reload": "scguns:item.gauss.reload",
    "flyby": "scguns:bullet.flyby1"
  }
}