{
  "display": {
  },
  "general": {
    "weaponType": "rifle",
    "alwaysSpread": false,
    "fireMode": "scguns:pulse",
    "fireTimer": 23,
    "gripType": "scguns:two_handed",
    "baseGripType": "scguns:two_handed",
    "rate": 6,
    "recoilAngle": 1.5,
    "recoilKick": 1.0,
    "spread": 0.1,
    "meleeDamage": 3.5,
    "meleeCooldownTicks": 20,
    "meleeReach": 3.5,
    "energyUse": 40.0,
    "hotBarrelRate": 50,
    "criticalChance": 0.05,
    "enableGunLight": false,
    "isSilenced": true
  },
  "modules": {
    "attachments": {
      "scope": {
        "size": 0.8,
        "yOffset": 6.1,
        "zOffset": 5.2
      },
      "stock": {
        "scale": 0.0
      },
      "underBarrel": {
        "yOffset": 5.5,
        "zOffset": -2.5
      }
    },
    "zoom": {
      "fovModifier": 0.6,
      "yOffset": 6.7,
      "zOffset": 0.75
    }
  },
  "projectile": {
    "advantage": "scguns:none",
    "damage": 16.0,
    "ejectsCasing": false,
    "gravity": false,
    "item": "scguns:hardened_bullet",
    "life": 100,
    "size": 1.0,
    "speed": 9.0,
    "trailLengthMultiplier": 0.2,
    "trailThickness": 0.5
  },
  "reloads": {
    "emptyMagTimer": 30,
    "maxAmmo": 10,
    "reloadItem": "scguns:advanced_bullet",
    "reloadTimer": 30,
    "reloadType": "scguns:mag_fed"
  },
  "sounds": {
    "cock": "scguns:item.pistol.cock",
    "enchantedFire": "scguns:item.airgun.fire",
    "fire": "scguns:item.airgun.fire",
    "reload": "scguns:item.gauss.reload",
    "flyby": "scguns:bullet.flyby1"
  }
}