{
  "display": {
    "flash": {
      "size": 1.0,
      "yOffset": 3.9,
      "zOffset": -5.0,
      "textureLocation": "muzzle_flash_1",
      "spawnParticles": true,
      "particleType": "minecraft:campfire_cosy_smoke",
      "particleCount": 10,
      "particleSpread": 0.5,
      "particleRingRadius": 0.5
    }
  },
  "general": {
    "weaponType": "pistol",
    "alwaysSpread": false,
    "fireMode": "scguns:semi_automatic",
    "gripType": "scguns:one_handed",
    "rate": 17,
    "recoilAngle": 6.0,
    "recoilKick": 2.0,
    "spread": 3.5,
    "meleeDamage": 2.0,
    "meleeCooldownTicks": 10,
    "meleeReach": 2.5,
    "hotBarrelRate": 24,
    "criticalChance": 0.1,
    "isRevolver": true
  },
  "modules": {
    "attachments": {
      "scope": {
        "size": 0.8,
        "yOffset": 5.3,
        "zOffset": 2.5
      },
      "stock": {
        "scale": 0.0
      }
    },
    "zoom": {
      "fovModifier": 0.6,
      "yOffset": 5.55,
      "zOffset": 0.75
    }
  },
  "projectile": {
    "advantage": "scguns:none",
    "damage": 6.5,
    "ejectsCasing": false,
    "gravity": false,
    "item": "scguns:powder_and_ball",
    "life": 35,
    "size": 1.0,
    "speed": 4.0,
    "trailLengthMultiplier": 2.0
  },
  "reloads": {
    "emptyMagTimer": 45,
    "maxAmmo": 5,
    "reloadItem": "scguns:compact_copper_round",
    "reloadTimer": 18,
    "reloadType": "scguns:manual"
  },
  "sounds": {
    "cock": "scguns:item.pistol.cock",
    "enchantedFire": "scguns:item.scrapper.fire",
    "fire": "scguns:item.scrapper.fire",
    "reload": "scguns:item.gauss.reload",
    "silencedFire": "scguns:item.makeshift_rifle.silenced_fire"
  }
}