{
  "display": {
    "flash": {
      "size": 0.8,
      "yOffset": 4.8,
      "zOffset": -0.2,
      "textureLocation": "muzzle_flash_1"
    }
  },
  "general": {
    "weaponType": "smg",
    "fireMode": "scguns:automatic",
    "gripType": "scguns:one_handed",
    "rate": 2,
    "recoilAngle": 2.5,
    "recoilKick": 1.5,
    "spread": 3.0,
    "meleeDamage": 2.5,
    "meleeReach": 2.5,
    "meleeCooldownTicks": 10,
    "hotBarrelRate": 4,
    "criticalChance": 0.08
  },
  "modules": {
    "attachments": {
      "barrel": {
        "yOffset": 4.8,
        "zOffset": -2.0
      },
      "magazine": {
        "scale": 0.0
      },
      "stock": {
        "scale": 0.0
      }
    },
    "zoom": {
      "fovModifier": 0.6,
      "yOffset": 6.25,
      "zOffset": -1.25
    }
  },
  "projectile": {
    "advantage": "scguns:bot",
    "damage": 4.5,
    "gravity": false,
    "ejectsCasing": true,
    "item": "scguns:compact_copper_round",
    "casingType": "scguns:small_copper_casing",
    "casingParticle": "scguns:copper_casing",
    "life": 45,
    "size": 0.05,
    "speed": 7.0,
    "trailLengthMultiplier": 2.0
  },
  "reloads": {
    "emptyMagTimer": 10,
    "maxAmmo": 19,
    "reloadItem": "scguns:compact_advanced_round",
    "reloadTimer": 50,
    "reloadType": "scguns:mag_fed"
  },
  "sounds": {
    "cock": "scguns:item.pistol.cock",
    "enchantedFire": "scguns:item.iron_pistol.fire",
    "fire": "scguns:item.iron_pistol.fire",
    "reload": "scguns:item.gauss.reload",
    "silencedFire": "scguns:item.bruiser.silenced_fire"
  }
}