{
  "display": {
    "flash": {
      "size": 1.0,
      "yOffset": 4.6,
      "zOffset": -13.7,
      "textureLocation": "muzzle_flash_1"
    }
  },
  "general": {
    "weaponType": "sniper",
    "alwaysSpread": false,
    "fireMode": "scguns:semi_automatic",
    "gripType": "scguns:two_handed",
    "baseGripType": "scguns:two_handed",
    "rate": 11,
    "recoilAngle": 4.0,
    "recoilKick": 2.0,
    "spread": 0.5,
    "meleeDamage": 2.5,
    "meleeCooldownTicks": 20,
    "hotBarrelRate": 27,
    "criticalChance": 0.05

  },
  "modules": {
    "attachments": {
      "barrel": {
        "yOffset": 4.6,
        "zOffset": -15.4
      },
      "scope": {
        "size": 0.7,
        "yOffset": 6.0,
        "zOffset": 4.0
      },
      "stock": {
        "scale": 0.0
      },
      "underBarrel": {
        "yOffset": 5.5,
        "zOffset": -2.5
      },
      "magazine": {
        "scale": 0.0
      }
    },
    "zoom": {
      "fovModifier": 0.6,
      "yOffset": 6.4,
      "zOffset": 0.75
    }
  },
  "projectile": {
    "advantage": "scguns:heavy",
    "damage": 19.5,
    "armorPen": 4.5,
    "ejectsCasing": true,
    "gravity": false  ,
    "item": "scguns:gibbs_round",
    "casingType": "scguns:medium_diamond_steel_casing",
    "casingParticle": "scguns:diamond_steel_casing",
    "life": 90,
    "size": 0.1,
    "speed": 10.0,
    "trailLengthMultiplier": 2.0
  },
  "reloads": {
    "emptyMagTimer": 10,
    "maxAmmo": 8  ,
    "reloadItem": "scguns:gibbs_round",
    "reloadTimer": 30,
    "reloadType": "scguns:mag_fed"
  },
  "sounds": {
    "cock": "scguns:item.pistol.cock",
    "enchantedFire": "scguns:item.heavier_rifle.fire",
    "fire": "scguns:item.heavier_rifle.fire",
    "reload": "scguns:item.gauss.reload",
    "silencedFire": "scguns:item.bruiser.silenced_fire",
    "flyby": "scguns:bullet.flyby1"
  }
}