{
  "display": {
    "flash": {
      "size": 1.0,
      "yOffset": 3.6,
      "zOffset": -5.0,
      "textureLocation": "muzzle_flash_1"
    }
  },
  "general": {
    "weaponType": "magnum",
    "alwaysSpread": false,
    "fireMode": "scguns:burst",
    "burstAmount": 2,
    "burstCooldown": 9,
    "gripType": "scguns:one_handed",
    "baseGripType": "scguns:one_handed",
    "rate": 3,
    "recoilAngle": 5.5,
    "recoilKick": 1.8,
    "spread": 5.0,
    "meleeDamage": 2.5,
    "meleeCooldownTicks": 20,
    "hotBarrelRate": 15,
    "criticalChance": 0.05,
    "isRevolver": true
  },
  "modules": {
    "attachments": {
      "scope": {
        "size": 0.8,
        "yOffset": 4.9,
        "zOffset": 0.4
      },
      "barrel": {
        "yOffset": 3.6,
        "zOffset": -6.6
      }
    },
    "zoom": {
      "fovModifier": 0.6,
      "yOffset": 5.4,
      "zOffset": 0.75
    }
  },
  "projectile": {
    "advantage": "scguns:undead",
    "damage": 15.5,
    "ejectsCasing": true,
    "gravity": false,
    "item": "scguns:ramrod_round",
    "casingType": "scguns:small_iron_casing",
    "casingParticle": "scguns:iron_casing",
    "ejectDuringReload": true,
    "life": 35,
    "size": 1.0,
    "speed": 5.0,
    "trailLengthMultiplier": 2.0
  },
  "reloads": {
    "emptyMagTimer": 45,
    "maxAmmo": 6,
    "reloadItem": "scguns:compact_copper_round",
    "reloadTimer": 18,
    "reloadType": "scguns:manual"
  },
  "sounds": {
    "cock": "scguns:item.pistol.cock",
    "enchantedFire": "scguns:item.brass_pistol.fire",
    "fire": "scguns:item.brass_pistol.fire",
    "reload": "scguns:item.gauss.reload",
    "silencedFire": "scguns:item.makeshift_rifle.silenced_fire"
  }
}