{
  "display": {
    "flash": {
      "size": 0.8,
      "yOffset": 5.4,
      "zOffset": -6.0,
      "textureLocation": "muzzle_flash_5"
    }
  },
  "general": {
    "weaponType": "pistol",
    "fireMode": "scguns:semi_automatic",
    "gripType": "scguns:one_handed",
    "rate": 7,
    "recoilAngle": 4.5,
    "recoilKick": 4.5,
    "spread": 1.0,
    "meleeDamage": 2.5,
    "meleeCooldownTicks": 10,
    "meleeReach": 2.5,
    "hotBarrelRate": 21,
    "criticalChance": 0.05,
    "isRevolver": true
  },
  "modules": {
    "attachments": {
      "barrel": {
        "yOffset": 5.4,
        "zOffset": -8.0
      },
      "stock": {
        "scale": 0.0
      },
      "scope": {
        "size": 0.7,
        "yOffset": 6.3,
        "zOffset": 4.0
      }
    },
    "zoom": {
      "fovModifier": 0.6,
      "yOffset": 6.6,
      "zOffset": -1.0
    }
  },
  "projectile": {
    "knockbackStrength": 0.55,
    "advantage": "scguns:none",
    "damage": 24.5,
    "armorPen": 4.0,
    "gravity": false,
    "item": "scguns:beowulf_round",
    "casingType": "scguns:small_diamond_steel_casing",
    "casingParticle": "scguns:diamond_steel_casing",
    "ejectDuringReload": true,
    "ejectsCasing": true,
    "life": 60,
    "size": 0.1,
    "speed": 5.5,
    "trailLengthMultiplier": 2.0
  },
  "reloads": {
    "emptyMagTimer": 10,
    "maxAmmo": 6,
    "reloadItem": "scguns:beowulf_round",
    "reloadTimer": 10,
    "reloadType": "scguns:manual"
  },
  "sounds": {
    "cock": "scguns:item.pistol.cock",
    "enchantedFire": "scguns:item.brass_revolver.fire",
    "fire": "scguns:item.brass_revolver.fire",
    "reload": "scguns:item.gauss.reload",
    "silencedFire": "scguns:item.bruiser.silenced_fire",
    "flyby": "scguns:bullet.flyby1"
  }
}