{
  "display": {
  },
  "general": {
    "weaponType": "rifle",
    "alwaysSpread": false,
    "fireMode": "scguns:semi_automatic",
    "gripType": "scguns:two_handed",
    "baseGripType": "scguns:two_handed",
    "rate": 11,
    "recoilAngle": 0.5,
    "recoilKick": 0.5,
    "spread": 1.0,
    "meleeDamage": 2.5,
    "meleeCooldownTicks": 20,
    "hotBarrelRate": 15,
    "energyUse": 15.0,
    "criticalChance": 0.01,
    "critDamageMultiplier": 25.0,
    "enableGunLight": false,
    "isSilenced": true
  },
  "modules": {
    "attachments": {

      "scope": {
        "yOffset": 4.7,
        "zOffset": 3.0,
        "scale": 0.9
      },
      "stock": {
        "scale": 0.0
      },
      "underBarrel": {
        "yOffset": 1.0,
        "zOffset": 1.0
      }
    },
    "zoom": {
      "fovModifier": 0.6,
      "yOffset": 5.3,
      "zOffset": 0.25
    }
  },
  "projectile": {
    "advantage": "scguns:none",
    "damage": 1.0,
    "ejectsCasing": false,
    "gravity": true,
    "item": "scguns:standard_bullet",
    "life": 40,
    "size": 1.0,
    "speed": 4.0,
    "trailLengthMultiplier": 0.2,
    "trailThickness": 0.5
  },
  "reloads": {
    "emptyMagTimer": 30,
    "maxAmmo": 10,
    "reloadAmount": 1,
    "reloadItem": "scguns:standard_bullet",
    "reloadTimer": 15,
    "reloadType": "scguns:manual"
  },
  "sounds": {
    "cock": "scguns:item.pistol.cock",
    "enchantedFire": "scguns:item.airgun.fire",
    "fire": "scguns:item.airgun.fire",
    "reload": "scguns:item.gauss.reload"
  }
}