{
  "display": {
    "flash": {
      "size": 1.0,
      "yOffset": 3.6,
      "zOffset": -9.5,
      "textureLocation": "muzzle_flash_5"
    }
  },
  "general": {
    "weaponType": "flamethrower",
    "alwaysSpread": true,
    "fireMode": "scguns:automatic",
    "gripType": "scguns:mini_gun",
    "baseGripType": "scguns:mini_gun",
    "projectileAmount": 5,
    "rate": 3,
    "recoilAngle": 0.5,
    "recoilKick": 0.5,
    "spread": 17.0,
    "meleeDamage": 3.5,
    "meleeCooldownTicks": 20,
    "meleeReach": 3.5,
    "hotBarrelRate": 25,
    "criticalChance": 0.05
  },
  "modules": {
    "attachments": {}
  },
  "projectile": {
    "advantage": "scguns:none",
    "damage": 5.0,
    "gravity": true,
    "ejectsCasing": false,
    "item": "scguns:blaze_fuel",
    "life": 10,
    "size": 1.0,
    "speed": 1.5,
    "trailLengthMultiplier": 1.0,
    "hideProjectile": true
  },
  "reloads": {
    "emptyMagTimer": 10,
    "maxAmmo": 32,
    "reloadItem": "scguns:blaze_fuel",
    "reloadByproduct": "scguns:empty_tank",
    "byproductChance": 0.65,
    "reloadTimer": 30,
    "reloadType": "scguns:single_item"
  },
  "sounds": {
    "cock": "scguns:item.pistol.cock",
    "fire": "scguns:item.flamethrower.fire_2",
    "reload": "scguns:item.flamethrower.reload"
  }
}