{
  "display": {
    "flash": {
      "size": 1.0,
      "yOffset": 4.6,
      "zOffset": -13.0,
      "textureLocation": "muzzle_flash_5"
    }
  },
  "general": {
    "weaponType": "sniper",
    "alwaysSpread": false,
    "fireMode": "scguns:semi_automatic",
    "gripType": "scguns:two_handed",
    "baseGripType": "scguns:two_handed",
    "rate": 16,
    "recoilAngle": 9.0,
    "recoilKick": 2.5,
    "spread": 1.0,
    "meleeDamage": 2.5,
    "meleeCooldownTicks": 20,
    "meleeReach": 3.5,
    "hotBarrelRate": 26,
    "criticalChance": 0.1
  },
  "modules": {
    "attachments": {
      "barrel": {
        "yOffset": 4.6,
        "zOffset": -14.5
      },
      "scope": {
        "size": 0.7,
        "yOffset": 5.6,
        "zOffset": 2.8
      },
      "stock": {
        "scale": 0.0
      },
      "underBarrel": {
        "yOffset": 5.5,
        "zOffset": -2.5
      }
    },
    "zoom": {
      "fovModifier": 0.4,
      "yOffset": 6.2,
      "zOffset": 0.75
    }
  },
  "projectile": {
    "advantage": "scguns:wither",
    "damage": 18.0,
    "ejectsCasing": true,
    "ejectDuringReload": true,
    "gravity": false,
    "item": "scguns:hog_round",
    "casingType": "scguns:small_iron_casing",
    "casingParticle": "scguns:iron_casing",
    "life": 60,
    "size": 0.05,
    "speed": 5.5,
    "trailLengthMultiplier": 2.0
  },
  "reloads": {
    "emptyMagTimer": 20,
    "maxAmmo": 7,
    "reloadItem": "scguns:advanced_round",
    "reloadTimer": 40,
    "reloadType": "scguns:manual"
  },
  "sounds": {
    "cock": "scguns:item.pistol.cock",
    "enchantedFire": "scguns:item.old_rifle.fire",
    "fire": "scguns:item.old_rifle.fire",
    "reload": "scguns:item.gauss.reload",
    "silencedFire": "scguns:item.bruiser.silenced_fire",
    "flyby": "scguns:bullet.flyby1"
  }
}