{
  "display": {
    "flash": {
      "size": 1.0,
      "yOffset": 3.8,
      "zOffset": -9.5,
      "textureLocation": "muzzle_flash_1"
    }
  },
  "general": {
    "weaponType": "rifle",
    "alwaysSpread": false,
    "fireMode": "scguns:semi_automatic",
    "gripType": "scguns:two_handed",
    "baseGripType": "scguns:two_handed",
    "rate": 14,
    "recoilAngle": 4.0,
    "recoilKick": 2.0,
    "spread": 2.0,
    "meleeDamage": 2.5,
    "meleeCooldownTicks": 20,
    "hotBarrelRate": 25,
    "criticalChance": 0.07
  },
  "modules": {
    "attachments": {
      "barrel": {
        "yOffset": 3.8,
        "zOffset": -11.5
      },
      "scope": {
        "yOffset": 4.7,
        "zOffset": 4.5
      },
      "stock": {
        "scale": 0.0
      },
      "underBarrel": {
        "yOffset": 1.0,
        "zOffset": 1.0
      }
    },
    "zoom": {
      "fovModifier": 0.6,
      "yOffset": 5.3,
      "zOffset": 0.25
    }
  },
  "projectile": {
    "advantage": "scguns:illager",
    "damage": 10.5,
    "armorPen": 1.5,
    "ejectsCasing": true,
    "gravity": false,
    "item": "scguns:standard_copper_round",
    "casingType": "scguns:medium_copper_casing",
    "casingParticle": "scguns:copper_casing",
    "life": 50,
    "size": 1.0,
    "speed": 6.0,
    "trailLengthMultiplier": 2.0
  },
  "reloads": {
    "emptyMagTimer": 50,
    "maxAmmo": 6,
    "reloadItem": "scguns:standard_copper_round",
    "reloadTimer": 22,
    "reloadType": "scguns:manual"
  },
  "sounds": {
    "cock": "scguns:item.pistol.cock",
    "enchantedFire": "scguns:item.cowboy.fire",
    "fire": "scguns:item.blackpowder.fire",
    "silencedFire": "scguns:item.bruiser.silenced_fire",
    "reload": "scguns:item.gauss.reload",
    "flyby": "scguns:bullet.flyby1"
  }
}