{
  "equipment_chance": 1.0,
  "items": [
    {
      "item": "scguns:mas_55",
      "weight": 16.0,
      "drop_chance": 0.3,
      "min_durability": 0.2,
      "max_durability": 0.6
    },
    {
      "item": "scguns:valora",
      "weight": 8.0,
      "drop_chance": 0.3,
      "min_durability": 0.2,
      "max_durability": 0.6
    },
    {
      "item": "scguns:uppercut",
      "weight": 16.0,
      "drop_chance": 0.3,
      "min_durability": 0.2,
      "max_durability": 0.6
    },
    {
      "item": "scguns:krauser",
      "weight": 16.0,
      "drop_chance": 0.3,
      "min_durability": 0.2,
      "max_durability": 0.6
    },
    {
      "item": "minecraft:diamond_sword",
      "weight": 8.0,
      "drop_chance": 0.3,
      "min_durability": 0.2,
      "max_durability": 0.6
    },
    {
      "item": "scguns:diamond_bayonet",
      "weight": 8.0,
      "drop_chance": 0.3,
      "min_durability": 0.2,
      "max_durability": 0.6
    }
  ]
}