{
  "type": "minecraft:random_patch",
  "config": {
    "feature": {
      "feature": {
        "type": "minecraft:simple_block",
        "config": {
          "to_place": {
            "type": "minecraft:weighted_state_provider",
            "entries": [
              {
                "data": {
                  "Name": "minecraft:short_grass"
                },
                "weight": 50
              },
              {
                "data": {
                  "Name": "minecraft:fern"
                },
                "weight": 17
              },
              {
                "data": {
                  "Name": "minecraft:tall_grass",
                  "Properties": {
                    "half": "lower"
                  }
                },
                "weight": 1
              },
              {
                "data": {
                  "Name": "minecraft:large_fern",
                  "Properties": {
                    "half": "lower"
                  }
                },
                "weight": 14
              }
            ]
          }
        }
      },
      "placement": [
        {
          "type": "minecraft:block_predicate_filter",
          "predicate": {
            "type": "minecraft:all_of",
            "predicates": [
              {
                "type": "minecraft:matching_blocks",
                "blocks": [
                  "minecraft:air"
                ]
              },
              {
                "type": "minecraft:matching_blocks",
                "blocks": [
                  "minecraft:grass_block",
                  "moss_block"
                ],
                "offset": [
                  0,
                  -1,
                  0
                ]
              }
            ]
          }
        }
      ]
    },
    "tries": 32,
    "xz_spread": 7,
    "y_spread": 3
  }
}