{
  "display": {
    "flash": {
      "size": 0.8,
      "yOffset": 3.4,
      "zOffset": -4.5,
      "textureLocation": "muzzle_flash_5",
      "spawnParticles": true,
      "particleType": "minecraft:smoke",
      "particleCount": 1,
      "particleSpread": 0.3,
      "particleRingRadius": 0.2
    }
  },
  "general": {
    "alwaysSpread": true,
    "fireMode": "scguns:automatic",
    "gripType": "scguns:one_handed_2",
    "baseGripType": "scguns:one_handed_2",
    "rate": 7,
    "projectileAmount": 3,
    "recoilAngle": 4.0,
    "recoilKick": 0.5,
    "spread": 5.0,
    "meleeDamage": 3.0,
    "meleeReach": 2.5,
    "meleeCooldownTicks": 10,
    "hotBarrelRate": 12,
    "criticalChance": 0.05
  },
  "modules": {
    "attachments": {

    }
  },
  "projectile": {
    "advantage": "scguns:none",
    "damage": 8.5,
    "gravity": false,
    "ejectsCasing": false,
    "item": "scguns:blaze_fuel",
    "life": 20,
    "size": 0.1,
    "speed": 2.0,
    "trailLengthMultiplier": 2.0
  },
  "reloads": {
    "emptyMagTimer": 10,
    "maxAmmo": 10,
    "reloadItem": "scguns:blaze_fuel",
    "reloadByproduct": "scguns:empty_tank",
    "reloadTimer": 30,
    "reloadType": "scguns:single_item"
  },
  "sounds": {
    "cock": "scguns:item.pistol.cock",
    "enchantedFire": "scguns:item.flamethrower.fire_2",
    "fire": "scguns:item.flamethrower.fire_2",
    "reload": "scguns:item.flamethrower.reload"
  }
}