{
  "display": {
    "flash": {
      "size": 1.3,
      "yOffset": 4.1,
      "zOffset": -4.6,
      "textureLocation": "muzzle_flash_1"
    }
  },
  "general": {
    "alwaysSpread": false,
    "fireMode": "scguns:semi_automatic",
    "gripType": "scguns:one_handed",
    "rate": 7,
    "recoilAngle": 8.0,
    "recoilKick": 2.0,
    "spread": 1.25,
    "meleeDamage": 2.5,
    "meleeReach": 2.5,
    "meleeCooldownTicks": 10,
    "hotBarrelRate": 20,
    "criticalChance": 0.05
  },
  "modules": {
    "attachments": {
      "barrel": {
        "yOffset": 4.3,
        "zOffset": -5.2
      },
      "scope": {
        "size": 0.8,
        "yOffset": 6.0,
        "zOffset": 4.6
      }
    },
    "zoom": {
      "fovModifier": 0.6,
      "yOffset": 6.3,
      "zOffset": 0.85
    }
  },
  "projectile": {
    "advantage": "scguns:undead",
    "damage": 13.5,
    "ejectsCasing": true,
    "gravity": false,
    "item": "scguns:ramrod_round",
    "casingType": "scguns:small_iron_casing",
    "casingParticle": "scguns:iron_casing",
    "life": 45,
    "size": 0.1,
    "speed": 5.5,
    "trailLengthMultiplier": 2.0
  },
  "reloads": {
    "emptyMagTimer": 10,
    "maxAmmo": 3,
    "reloadTimer": 10,
    "reloadType": "scguns:manual"
  },
  "sounds": {
    "cock": "scguns:item.pistol.cock",
    "enchantedFire": "scguns:item.bruiser.fire",
    "fire": "scguns:item.bruiser.fire",
    "reload": "scguns:item.gauss.reload",
    "silencedFire": "scguns:item.bruiser.silenced_fire",
    "flyby": "scguns:bullet.flyby1"
  }
}