{
  "display": {
    "flash": {
      "size": 1.5,
      "yOffset": 7.8,
      "zOffset": -12.0,
      "xOffset": 0.75,
      "textureLocation": "muzzle_flash_1",
      "alternateMuzzleFlash": true,
      "alternatePosition": {
        "x": -1.5,
        "y": 0.0,
        "z": -0.0
      }
    }
  },
  "general": {
    "fireMode": "scguns:automatic",
    "gripType": "scguns:mini_gun",
    "baseGripType": "scguns:mini_gun",
    "rate": 2,
    "recoilAngle": 2.0,
    "recoilKick": 0.5,
    "spread": 5.0,
    "meleeDamage": 3.5,
    "meleeCooldownTicks": 20,
    "meleeReach": 3.5,
    "hotBarrelRate": 3,
    "criticalChance": 0.025,
    "isRevolver": true,
    "speedModifier": 0.85
  },
  "modules": {
    "attachments": {
    }
  },
  "projectile": {
    "advantage": "scguns:none",
    "damage": 6.0,
    "gravity": false,
    "item": "scguns:compact_advanced_round",
    "ejectsCasing": true,
    "casingType": "scguns:small_brass_casing",
    "casingParticle": "scguns:brass_casing",
    "life": 40,
    "size": 0.1,
    "speed": 5.0,
    "trailLengthMultiplier": 2.0
  },
  "reloads": {
    "emptyMagTimer": 10,
    "maxAmmo": 90,
    "reloadItem": "scguns:compact_advanced_round",
    "reloadTimer": 60,
    "reloadType": "scguns:mag_fed"
  },
  "sounds": {
    "cock": "scguns:item.pistol.cock",
    "enchantedFire": "scguns:item.rusty_gnat.fire",
    "fire": "scguns:item.rusty_gnat.fire",
    "reload": "scguns:item.gauss.reload",
    "silencedFire": "scguns:item.rusty_gnat.silenced_fire",
    "flyby": "scguns:bullet.flyby1"
  }
}