{
  "display": {
    "flash": {
      "size": 1.0,
      "yOffset": 4.7,
      "zOffset": -11.5,
      "textureLocation": "muzzle_flash_9"
    },
    "beamOrigin": {
      "horizontalOffset": 0.1,
      "verticalOffset": -0.05,
      "forwardOffset": 0.6,
      "aimHorizontalOffset": 0.0
    }
  },
  "general": {
    "hasCameraShake": false,
    "alwaysSpread": false,
    "fireMode": "scguns:semi_beam",
    "beamColor": "#ff0000",
    "secondaryBeamColor": "#e66363",
    "enchantedBeamColor": "#FF71479e",
    "enchantedSecondaryBeamColor": "#ff7fc3",
    "gripType": "scguns:two_handed",
    "baseGripType": "scguns:two_handed",
    "rate": 8,
    "recoilAngle": 2.7,
    "recoilKick": 1.0,
    "spread": 2.0,
    "meleeDamage": 2.5,
    "meleeCooldownTicks": 10,
    "hotBarrelRate": 15,
    "beamAmmoConsumptionDelay": 6000,
    "beamDamageDelay": 10,
    "beamMaxDistance": 100.0,
    "criticalChance": 0.05
  },
  "modules": {
    "attachments": {
      "scope": {
        "size": 0.8,
        "yOffset": 6.35,
        "zOffset": 5.2
      }
    },
    "zoom": {
      "fovModifier": 0.6,
      "yOffset": 6.7,
      "zOffset": -1.5
    }
  },
  "projectile": {
    "advantage": "scguns:none",
    "damage": 15.0,
    "ejectsCasing": false,
    "gravity": false,
    "item": "scguns:energy_core",
    "life": 40,
    "size": 1.0,
    "speed": 7.0,
    "trailLengthMultiplier": 2.0
  },
  "reloads": {
    "emptyMagTimer": 50,
    "maxAmmo": 12,
    "reloadItem": "scguns:energy_core",
    "reloadByproduct": "scguns:depleted_energy_core",
    "reloadTimer": 20,
    "reloadType": "scguns:single_item"
  },
  "sounds": {
    "cock": "scguns:item.pistol.cock",
    "enchantedFire": "scguns:item.plasma.fire",
    "preFire": "scguns:item.gauss.pre_fire",
    "fire": "scguns:item.plasma.fire",
    "reload": "scguns:item.pistol.reload",
    "flyby": "scguns:bullet.flyby1"
  }
}