{
  "type": "minecraft:entity",
  "pools": [
    {
      "bonus_rolls": 0.0,
      "entries": [
        {
          "type": "minecraft:item",
          "functions": [
            {
              "add": false,
              "count": {
                "type": "minecraft:uniform",
                "max": 2.0,
                "min": 0.0
              },
              "function": "minecraft:set_count"
            },
            {
              "count": {
                "type": "minecraft:uniform",
                "max": 1.0,
                "min": 0.0
              },
              "function": "minecraft:looting_enchant"
            }
          ],
          "name": "rats:contaminated_food"
        },
        {
          "type": "minecraft:item",
          "functions": [
            {
              "add": false,
              "count": {
                "type": "minecraft:uniform",
                "max": 2.0,
                "min": 1.0
              },
              "function": "minecraft:set_count"
            }
          ],
          "name": "rats:herb_bundle"
        },
        {
          "type": "minecraft:item",
          "conditions": [
            {
              "chance": 0.5,
              "condition": "minecraft:random_chance_with_looting",
              "looting_multiplier": 0.2
            }
          ],
          "name": "rats:plague_leech"
        },
        {
          "type": "minecraft:item",
          "functions": [
            {
              "add": false,
              "count": {
                "type": "minecraft:uniform",
                "max": 2.0,
                "min": 1.0
              },
              "function": "minecraft:set_count"
            },
            {
              "count": {
                "type": "minecraft:uniform",
                "max": 1.0,
                "min": 0.0
              },
              "function": "minecraft:looting_enchant"
            }
          ],
          "name": "minecraft:rotten_flesh"
        }
      ],
      "rolls": 2.0
    },
    {
        "bonus_rolls": 0.0,
        "entries": [
            {
                "type": "minecraft:item",
                "functions": [
                    {
                    "add": false,
                    "count": 1.0,
                    "function": "minecraft:set_count"
                    }
                ],
                "name": "rats:plague_doctor_mask"
            }
        ],
        "rolls": 1.0
    }
  ],
  "random_sequence": "rats:entities/plague_doctor"
}