{
  "type": "embers:melting",
  "bonus": {
    "amount": 30,
    "fluid": "tconstruct:molten_lead"
  },
  "conditions": [
    {
      "type": "forge:and",
      "values": [
        {
          "type": "forge:not",
          "value": {
            "type": "forge:tag_empty",
            "tag": "create:crushed_raw_materials/tin"
          }
        }
      ]
    }
  ],
  "input": {
    "tag": "create:crushed_raw_materials/tin"
  },
  "output": {
    "amount": 90,
    "fluid": "tconstruct:molten_tin"
  }
}