{
  "type": "minecraft:entity",
  "pools": [
    {
      "bonus_rolls": 0.0,
      "entries": [
        {
          "type": "minecraft:item",
          "functions": [
            {
              "count": {
                "type": "minecraft:uniform",
                "max": 1.0,
                "min": 1.0
              },
              "function": "minecraft:looting_enchant"
            }
          ],
          "name": "scguns:ribs_glory"
        }
      ],
      "rolls": 1.0
    }
  ],
  "random_sequence": "scguns:entities/the_merchant"
}
