{
  "type": "create:mechanical_crafting",
  "acceptMirrored": true,
  "key": {
    "Q": {
      "item": "scguns:gun_grip"
    },
    "L": {
      "item": "scguns:firing_unit"
    },
    "R": {
      "item": "scguns:heavy_gun_parts"
    },
    "S": {
      "item": "scguns:gun_barrel"
    },
    "J": {
      "tag": "minecraft:planks"
    },
    "M": {
      "item": "scguns:scorched_ingot"
    },
    "X": {
      "item": "scguns:scorched_blueprint"
    },
    "K": {
      "item": "scguns:scorched_gun_frame"
    },
    "A": {
      "item": "scguns:gun_magazine"
    }

  },
  "pattern": [
    "MKJX",
    "LRSS",
    "Q A "
  ],
  "result": {
    "item": "scguns:astella"
  }
}