{
  "type": "create:mechanical_crafting",
  "acceptMirrored": true,
  "key": {
    "Q": {
      "item": "scguns:gun_grip"
    },
    "C":
    {
      "item": "scguns:gun_magazine"
    },
    "L": {
      "item": "scguns:firing_unit"
    },
    "R": {
      "item": "scguns:gun_parts"
    },
    "S": {
      "item": "scguns:gun_barrel"
    },
    "M": {
      "item": "scguns:treated_iron_ingot"
    },
    "P": {
      "tag": "minecraft:planks"
    },
    "X": {
      "item": "scguns:iron_blueprint"
    }
  },
  "pattern": [
    "XMP  ",
    "LRS  ",
    "Q C  "
  ],
  "result": {
    "item": "scguns:defender_pistol"
  }
}