{
  "type": "create:mechanical_crafting",
  "acceptMirrored": true,
  "key": {
    "Q": {
      "item": "scguns:gun_grip"
    },
    "C": {
      "item": "scguns:gun_magazine"
    },
    "L": {
      "item": "scguns:firing_unit"
    },
    "R": {
      "item": "scguns:heavy_gun_parts"
    },
    "S": {
      "item": "scguns:heavy_gun_barrel"
    },
    "M": {
      "item": "scguns:treated_brass_ingot"
    },
    "X": {
      "item": "scguns:treated_brass_blueprint"
    },
    "O": {
      "item": "scguns:treated_brass_gun_frame"
    }
  },
  "pattern": [
    "MOMX",
    "LCS ",
    "Q R "
  ],
  "result": {
    "item": "scguns:dozier_rl"
  }
}