{
  "type": "create:mechanical_crafting",
  "acceptMirrored": true,
  "key": {
    "Q": {
      "item": "scguns:gun_grip"
    },
    "L": {
      "item": "scguns:energy_core"
    },
    "R": {
      "item": "scguns:heavy_gun_parts"
    },
    "S": {
      "item": "scguns:heavy_gun_barrel"
    },
    "B": {
      "item": "scguns:gun_barrel"
    },
    "X": {
      "item": "scguns:scorched_blueprint"
    },
    "K": {
      "item": "scguns:scorched_ingot"
    },
    "P": {
      "item": "scguns:scorched_gun_frame"
    },
    "J": {
      "item": "scguns:nether_star_fragment"
    }
  },
  "pattern": [
    "QPJX",
    "LRSB",
    "K K "
  ],
  "result": {
    "item": "scguns:flayed_god"
  }
}