{
  "type": "create:mechanical_crafting",
  "acceptMirrored": true,
  "key": {
    "Q": {
      "item": "scguns:gun_grip"
    },
    "L": {
      "item": "scguns:firing_unit"
    },
    "R": {
      "item": "minecraft:sculk_sensor"
    },
    "J": {
      "item": "scguns:gun_barrel"
    },
    "N": {
      "item": "scguns:gun_barrel"
    },
    "M": {
      "item": "minecraft:echo_shard"
    },
    "X": {
      "item": "scguns:deep_dark_blueprint"
    },
    "K": {
      "item": "scguns:diamond_steel_gun_frame"
    },
    "A": {
      "item": "scguns:gun_magazine"
    }
  },
  "pattern": [
    "MKX ",
    "LRJN",
    "Q A "
  ],
  "result": {
    "item": "scguns:forlorn_hope"
  }
}