{
  "type": "create:mechanical_crafting",
  "acceptMirrored": true,
  "key": {
    "Q": {
      "item": "scguns:gun_grip"
    },
    "C": {
      "tag": "minecraft:planks"
    },
    "L": {
      "item": "scguns:firing_unit"
    },
    "R": {
      "item": "scguns:heavy_gun_parts"
    },
    "S": {
      "item": "scguns:heavy_gun_barrel"
    },
    "M": {
      "item": "scguns:diamond_steel_ingot"
    },
    "X": {
      "item": "scguns:diamond_steel_blueprint"
    },
    "K": {
      "item": "scguns:diamond_steel_gun_frame"
    }
  },
  "pattern": [
    "MKX ",
    "LRSS",
    "Q C "
  ],
  "result": {
    "item": "scguns:inertial"
  }
}