{
  "type": "create:mechanical_crafting",
  "acceptMirrored": true,
  "key": {
    "Q": {
      "item": "scguns:gun_grip"
    },
    "L": {
      "item": "scguns:rapid_firing_unit"
    },
    "R": {
      "item": "scguns:heavy_gun_parts"
    },
    "J": {
      "item": "scguns:heavy_gun_barrel"
    },
    "M": {
      "item": "scguns:treated_brass_ingot"
    },
    "X": {
      "item": "scguns:treated_brass_blueprint"
    },
    "K": {
      "item": "scguns:treated_brass_gun_frame"
    },
    "A": {
      "item": "scguns:gun_magazine"
    },
    "C": {
      "tag": "minecraft:planks"
    }
  },
  "pattern": [
    "MKCX",
    "LRJ ",
    "Q A "
  ],
  "result": {
    "item": "scguns:jackhammer"
  }
}