{
  "type": "create:mechanical_crafting",
  "acceptMirrored": true,
  "key": {
    "Q": {
      "item": "scguns:gun_grip"
    },
    "C": {
      "item": "minecraft:iron_ingot"
    },
    "L": {
      "item": "scguns:firing_unit"
    },
    "R": {
      "item": "scguns:heavy_gun_parts"
    },
    "S": {
      "item": "scguns:heavy_gun_barrel"
    },
    "X": {
      "item": "scguns:gun_magazine"
    },
    "V": {
      "item": "scguns:iron_gun_frame"
    },
    "P": {
      "item": "scguns:iron_blueprint"
    },
    "K": {
      "tag": "minecraft:planks"
    }
  },
  "pattern": [
    "CVP ",
    "LRKS",
    "Q X "
  ],
  "result": {
    "item": "scguns:mk43_rifle"
  }
}