{
  "type": "create:mechanical_crafting",
  "acceptMirrored": true,
  "key": {
    "Q": {
      "item": "scguns:gun_grip"
    },
    "L": {
      "item": "scguns:firing_unit"
    },
    "R": {
      "item": "scguns:gun_parts"
    },
    "S": {
      "item": "scguns:gun_barrel"
    },
    "M": {
      "item": "scguns:treated_brass_ingot"
    },
    "X": {
      "item": "scguns:treated_brass_blueprint"
    },
    "K": {
      "item": "scguns:treated_brass_gun_frame"
    },
    "A": {
      "item": "scguns:empty_tank"
    }

  },
  "pattern": [
    "MKMX",
    "LRS ",
    "Q A "
  ],
  "result": {
    "item": "scguns:niami"
  }
}