{
  "type": "create:mechanical_crafting",
  "acceptMirrored": true,
  "key": {
    "Q": {
      "item": "scguns:gun_grip"
    },
    "C":
    {
      "item": "scguns:gun_magazine"
    },
    "L": {
      "item": "scguns:firing_unit"
    },
    "R": {
      "item": "scguns:gun_parts"
    },
    "S": {
      "item": "scguns:gun_barrel"
    },
    "P": {
      "tag": "minecraft:planks"
    },
    "X": {
      "item": "scguns:iron_blueprint"
    },
    "I": {
      "item": "minecraft:redstone"
    }
  },
  "pattern": [
    "XIP",
    "LRS",
    "Q C"
  ],
  "result": {
    "item": "scguns:pulsar"
  }
}