{
  "type": "create:mechanical_crafting",
  "acceptMirrored": true,
  "key": {
    "Q": {
      "item": "scguns:gun_grip"
    },
    "C":
    {
      "item": "scguns:gun_magazine"
    },
    "L": {
      "item": "scguns:rapid_firing_unit"
    },
    "R": {
      "item": "scguns:heavy_gun_parts"
    },
    "S": {
      "item": "scguns:gun_barrel"
    },
    "M": {
      "item": "scguns:diamond_steel_ingot"
    },
    "X": {
      "item": "scguns:diamond_steel_blueprint"
    },
    "T": {
      "item": "scguns:advanced_silencer"
    }
  },
  "pattern": [
    "MMX ",
    "LRTS",
    "Q C "
  ],
  "result": {
    "item": "scguns:valora"
  }
}