{
  "type": "create:mechanical_crafting",
  "acceptMirrored": true,
  "key": {
    "Q": {
      "item": "scguns:gun_grip"
    },
    "C":
    {
      "item": "scguns:gun_magazine"
    },
    "L": {
      "item": "scguns:firing_unit"
    },
    "R": {
      "item": "scguns:heavy_gun_parts"
    },
    "S": {
      "item": "scguns:gun_barrel"
    },
    "J": {
      "item": "scguns:energy_core"
    },
    "M": {
      "item": "scguns:treated_brass_ingot"
    },
    "X": {
      "item": "scguns:treated_brass_blueprint"
    }
  },
  "pattern": [
    "MMX ",
    "LRJS",
    "Q C "
  ],
  "result": {
    "item": "scguns:waltz_conversion"
  }
}