{
    "type": "minecraft:vegetation_patch",
    "config": {
        "depth": {
            "type": "minecraft:uniform",
            "min_inclusive": 1,
            "max_inclusive": 2
        },
        "extra_bottom_block_chance": 0.5,
        "extra_edge_column_chance": 0.5,
        "ground_state": {
            "type": "minecraft:weighted_state_provider",
            "entries": [
                {
                    "data": {
                        "Name": "minecraft:deepslate"
                    },
                    "weight": 2
                },
                {
                    "data": {
                        "Name": "minecraft:blue_ice"
                    },
                    "weight": 2
                }
            ]
        },
        "replaceable": "#minecraft:base_stone_overworld",
        "surface": "floor",
        "vegetation_chance": 0.05,
        "vegetation_feature": {
            "feature": {
                "type": "minecraft:simple_block",
                "config": {
                    "to_place": {
                        "type": "minecraft:simple_state_provider",
                        "state": {
                            "Name": "minecraft:soul_fire"
                        }
                    }
                }
            },
            "placement": []
        },
        "vertical_range": 1,
        "xz_radius": {
            "type": "minecraft:uniform",
            "min_inclusive": 2,
            "max_inclusive": 5
        }
    }
}