{
	"credit": "Made with Blockbench",
	"parent": "cabin:block/machine",
	"textures": {
		"0": "create:block/nixie_tube",
		"1": "create:block/brass_casing",
		"3": "create:block/brass_block",
		"4": "create:block/axis",
		"5": "create:block/bracket_plate_metal",
		"6": "create:block/axis_top",
		"particle": "create:block/brass_casing"
	},
	"elements": [
		{
			"from": [8, 4, 4],
			"to": [16, 16, 16],
			"faces": {
				"north": {"uv": [0, 0, 16, 16], "texture": "#3"},
				"east": {"uv": [0, 0, 16, 16], "rotation": 270, "texture": "#3"},
				"south": {"uv": [0, 0, 16, 16], "rotation": 270, "texture": "#3"},
				"west": {"uv": [0, 0, 16, 16], "texture": "#3"},
				"up": {"uv": [0, 0, 16, 16], "rotation": 90, "texture": "#1"},
				"down": {"uv": [0, 2, 8, 8], "texture": "#missing"}
			}
		},
		{
			"from": [0, 4, 3],
			"to": [10, 10, 13],
			"faces": {
				"north": {"uv": [3, 10, 13, 16], "rotation": 180, "texture": "#3"},
				"east": {"uv": [0, 2, 8, 8], "rotation": 270, "texture": "#missing"},
				"south": {"uv": [3, 10, 13, 16], "rotation": 180, "texture": "#3"},
				"west": {"uv": [3, 10, 12, 16], "rotation": 180, "texture": "#3"},
				"up": {"uv": [1, 1, 14, 15], "texture": "#1"},
				"down": {"uv": [0, 2, 8, 8], "texture": "#missing"}
			}
		},
		{
			"name": "Pole2Core",
			"from": [10, 2, 2],
			"to": [14, 18, 6],
			"rotation": {"angle": 0, "axis": "z", "origin": [9, 8, 10]},
			"faces": {
				"north": {"uv": [6, 0, 10, 16], "rotation": 180, "texture": "#4"},
				"east": {"uv": [6, 0, 10, 16], "rotation": 180, "texture": "#4"},
				"south": {"uv": [6, 0, 10, 16], "rotation": 180, "texture": "#4"},
				"west": {"uv": [6, 0, 10, 16], "rotation": 180, "texture": "#4"},
				"up": {"uv": [6, 6, 10, 10], "rotation": 180, "texture": "#6"},
				"down": {"uv": [6, 6, 10, 10], "rotation": 180, "texture": "#6"}
			}
		},
		{
			"name": "GearCaseOuter",
			"from": [8, 4.5, 0],
			"to": [16, 9.5, 8],
			"rotation": {"angle": -22.5, "axis": "y", "origin": [12, 7.5, 4]},
			"faces": {
				"north": {"uv": [8.5, 5, 10.5, 9], "rotation": 90, "texture": "#5"},
				"east": {"uv": [8.5, 5, 10.5, 9], "rotation": 90, "texture": "#5"},
				"south": {"uv": [8.5, 5, 10.5, 9], "rotation": 90, "texture": "#5"},
				"west": {"uv": [8.5, 5, 10.5, 9], "rotation": 90, "texture": "#5"},
				"up": {"uv": [5, 6, 9, 10], "texture": "#5"},
				"down": {"uv": [5, 6, 9, 10], "texture": "#5"}
			}
		},
		{
			"name": "Gear5",
			"from": [10.5, 5, -5],
			"to": [13.5, 9, 13],
			"rotation": {"angle": -22.5, "axis": "y", "origin": [12, 5, 4]},
			"faces": {
				"north": {"uv": [7.5, 4, 9, 6], "texture": "#5"},
				"east": {"uv": [0, 7.5, 9, 9.5], "texture": "#5"},
				"south": {"uv": [7.5, 4, 9, 6], "texture": "#5"},
				"west": {"uv": [0, 7.5, 9, 9.5], "texture": "#5"},
				"up": {"uv": [0, 6, 9, 7.5], "rotation": 270, "texture": "#5"},
				"down": {"uv": [0, 6, 9, 7.5], "rotation": 270, "texture": "#5"}
			}
		},
		{
			"name": "Gear6",
			"from": [10.5, 5, -5],
			"to": [13.5, 9, 13],
			"rotation": {"angle": 22.5, "axis": "y", "origin": [12, 5, 4]},
			"faces": {
				"north": {"uv": [7.5, 4, 9, 6], "texture": "#5"},
				"east": {"uv": [0, 7.5, 9, 9.5], "texture": "#5"},
				"south": {"uv": [7.5, 4, 9, 6], "texture": "#5"},
				"west": {"uv": [0, 7.5, 9, 9.5], "texture": "#5"},
				"up": {"uv": [0, 6, 9, 7.5], "rotation": 270, "texture": "#5"},
				"down": {"uv": [0, 6, 9, 7.5], "rotation": 270, "texture": "#5"}
			}
		},
		{
			"name": "Gear7",
			"from": [3, 5, 2.5],
			"to": [21, 9, 5.5],
			"rotation": {"angle": 22.5, "axis": "y", "origin": [12, 5, 4]},
			"faces": {
				"north": {"uv": [0, 7.5, 9, 9.5], "texture": "#5"},
				"east": {"uv": [7.5, 4, 9, 6], "texture": "#5"},
				"south": {"uv": [0, 7.5, 9, 9.5], "texture": "#5"},
				"west": {"uv": [7.5, 4, 9, 6], "texture": "#5"},
				"up": {"uv": [0, 6, 9, 7.5], "rotation": 180, "texture": "#5"},
				"down": {"uv": [0, 6, 9, 7.5], "rotation": 180, "texture": "#5"}
			}
		},
		{
			"name": "Gear7",
			"from": [3, 5, 2.5],
			"to": [21, 9, 5.5],
			"rotation": {"angle": -22.5, "axis": "y", "origin": [12, 5, 4]},
			"faces": {
				"north": {"uv": [4.5, 3.5, 10, 4.5], "texture": "#5"},
				"east": {"uv": [7.5, 4, 9, 6], "texture": "#5"},
				"south": {"uv": [4.5, 3.5, 11, 4.5], "texture": "#5"},
				"west": {"uv": [7.5, 3, 9, 5], "texture": "#5"},
				"up": {"uv": [1, 6, 10, 7.5], "rotation": 180, "texture": "#5"},
				"down": {"uv": [4, 3.5, 11, 4.5], "rotation": 180, "texture": "#5"}
			}
		},
		{
			"name": "GearCaseInner",
			"from": [6, 5.5, -2],
			"to": [18, 8.5, 10],
			"rotation": {"angle": -22.5, "axis": "y", "origin": [12, 5.5, 4]},
			"faces": {
				"north": {"uv": [5.5, 0, 7, 6], "rotation": 90, "texture": "#5"},
				"east": {"uv": [5.5, 0, 7, 6], "rotation": 90, "texture": "#5"},
				"south": {"uv": [5.5, 0, 7, 6], "rotation": 90, "texture": "#5"},
				"west": {"uv": [5.5, 0, 7, 6], "rotation": 90, "texture": "#5"},
				"up": {"uv": [0, 0, 6, 6], "rotation": 180, "texture": "#5"},
				"down": {"uv": [0, 0, 6, 6], "rotation": 180, "texture": "#5"}
			}
		},
		{
			"name": "base",
			"from": [0, 0, 0],
			"to": [16, 4, 16],
			"faces": {
				"north": {"uv": [1, 0, 15, 2], "rotation": 180, "texture": "#1"},
				"east": {"uv": [1, 0, 15, 2], "rotation": 180, "texture": "#1"},
				"south": {"uv": [1, 0, 15, 2], "rotation": 180, "texture": "#1"},
				"west": {"uv": [1, 0, 14, 2], "rotation": 180, "texture": "#1"},
				"up": {"uv": [1, 1, 15, 15], "texture": "#3"},
				"down": {"uv": [0, 0, 16, 16], "texture": "#1"}
			}
		},
		{
			"name": "connector1",
			"from": [1, 10, 5],
			"to": [7, 12, 11],
			"rotation": {"angle": 0, "axis": "y", "origin": [9, 12, 13]},
			"faces": {
				"north": {"uv": [0, 10, 6, 13], "texture": "#0"},
				"east": {"uv": [0, 10, 6, 13], "texture": "#0"},
				"south": {"uv": [0, 10, 6, 13], "texture": "#0"},
				"west": {"uv": [0, 10, 6, 13], "texture": "#0"},
				"up": {"uv": [6, 6, 12, 12], "texture": "#0"}
			}
		},
		{
			"name": "connector2",
			"from": [9, 16, 7],
			"to": [15, 18, 13],
			"rotation": {"angle": 0, "axis": "y", "origin": [17, 12, 12]},
			"faces": {
				"north": {"uv": [0, 9, 6, 11], "texture": "#0"},
				"east": {"uv": [0, 9, 6, 11], "texture": "#0"},
				"south": {"uv": [0, 9, 6, 11], "texture": "#0"},
				"west": {"uv": [0, 9, 6, 11], "texture": "#0"},
				"up": {"uv": [0, 2, 6, 8], "texture": "#0"}
			}
		},
		{
			"name": "tube1",
			"from": [1, 12, 5],
			"to": [7, 21, 11],
			"rotation": {"angle": 0, "axis": "y", "origin": [9, 14, 13]},
			"faces": {
				"north": {"uv": [7, 1.5, 10, 6], "texture": "#0"},
				"east": {"uv": [7, 1.5, 10, 6], "texture": "#0"},
				"south": {"uv": [7, 1.5, 10, 6], "texture": "#0"},
				"west": {"uv": [8, 0.5, 11, 5], "texture": "#0"},
				"up": {"uv": [8, 1, 11, 4], "texture": "#0"}
			}
		}
	],
	"display": {
		"gui": {
			"rotation": [30, 225, 0],
			"translation": [0, -0.25, 0],
			"scale": [0.6, 0.6, 0.6]
		}
	}
}