{
	"credit": "Made with Blockbench",
	"parent": "cabin:block/machine",
	"texture_size": [64, 32],
	"textures": {
		"1": "cabin:block/gold_machine",
		"particle": "create:block/railway_casing"
	},
	"elements": [
		{
			"name": "base",
			"from": [0, 0, 0],
			"to": [16, 3, 16],
			"rotation": {"angle": 0, "axis": "y", "origin": [7.5, 11.25, 5.90901]},
			"faces": {
				"north": {"uv": [12, 6.5, 16, 8], "texture": "#1"},
				"east": {"uv": [12, 6.5, 16, 8], "texture": "#1"},
				"south": {"uv": [12, 6.5, 16, 8], "texture": "#1"},
				"west": {"uv": [12, 6.5, 16, 8], "texture": "#1"},
				"up": {"uv": [12, 8, 16, 16], "texture": "#1"},
				"down": {"uv": [12, 8, 16, 16], "texture": "#1"}
			}
		},
		{
			"name": "station base",
			"from": [0, 3, 8],
			"to": [10, 14, 16],
			"rotation": {"angle": 0, "axis": "y", "origin": [5.5, 11.25, 5.90901]},
			"faces": {
				"north": {"uv": [2, 10.5, 4.5, 16], "texture": "#1"},
				"east": {"uv": [0, 10.5, 2, 16], "texture": "#1"},
				"south": {"uv": [2, 10.5, 4.5, 16], "texture": "#1"},
				"west": {"uv": [0, 10.5, 2, 16], "texture": "#1"},
				"up": {"uv": [2, 6.5, 4.5, 10.5], "texture": "#1"},
				"down": {"uv": [2, 6.5, 4.5, 10.5], "texture": "#1"}
			}
		},
		{
			"name": "controls back",
			"from": [0, 3, 6],
			"to": [12, 16, 8],
			"rotation": {"angle": 0, "axis": "y", "origin": [7.5, 11.25, 5.90901]},
			"faces": {
				"north": {"uv": [7.75, 0, 10.75, 0.5], "texture": "#1"},
				"east": {"uv": [6.75, 4, 7.25, 10.5], "texture": "#1"},
				"south": {"uv": [3.75, 4, 6.75, 10.5], "texture": "#1"},
				"west": {"uv": [7.25, 4, 6.75, 10.5], "texture": "#1"},
				"up": {"uv": [3.75, 3, 6.75, 4], "texture": "#1"},
				"down": {"uv": [0, 0, 6, 1], "texture": "#1"}
			}
		},
		{
			"name": "flag pole",
			"from": [10, 11, 11],
			"to": [11, 23, 13],
			"rotation": {"angle": 0, "axis": "y", "origin": [5.5, 11.25, 5.90901]},
			"faces": {
				"north": {"uv": [10.75, 0, 11, 6], "texture": "#1"},
				"east": {"uv": [10.5, 0, 11, 6], "texture": "#1"},
				"south": {"uv": [10.75, 0, 11, 6], "texture": "#1"},
				"west": {"uv": [10.5, 0, 11, 6], "texture": "#1"},
				"up": {"uv": [10.5, 0, 11, 0.5], "texture": "#1"},
				"down": {"uv": [10.5, 5.5, 11, 6], "texture": "#1"}
			}
		},
		{
			"name": "flag",
			"from": [10.5, 19, 6],
			"to": [10.5, 23, 11],
			"rotation": {"angle": 0, "axis": "y", "origin": [5.5, 11.25, 5.90901]},
			"faces": {
				"north": {"uv": [0, 0, 0, 2], "texture": "#1"},
				"east": {"uv": [11, 0, 12.25, 2], "texture": "#1"},
				"south": {"uv": [0, 0, 0, 2], "texture": "#1"},
				"west": {"uv": [11, 0, 12.25, 2], "texture": "#1"},
				"up": {"uv": [0, 0, 0, 2.5], "texture": "#1"},
				"down": {"uv": [0, 0, 0, 2.5], "texture": "#1"}
			}
		},
		{
			"name": "controls side left",
			"from": [10, 3, 0],
			"to": [12, 16, 6],
			"rotation": {"angle": 0, "axis": "y", "origin": [7.5, 11.25, 5.90901]},
			"faces": {
				"north": {"uv": [8.75, 4, 9.25, 10.5], "texture": "#1"},
				"east": {"uv": [7.25, 4, 8.75, 10.5], "texture": "#1"},
				"south": {"uv": [0, 0, 1, 6.5], "texture": "#1"},
				"west": {"uv": [10.25, 0.5, 8.75, 7], "texture": "#1"},
				"up": {"uv": [6.25, 0, 6.75, 3], "texture": "#1"},
				"down": {"uv": [0, 0, 1, 3], "texture": "#1"}
			}
		},
		{
			"name": "controls side right",
			"from": [0, 3, 0],
			"to": [2, 16, 6],
			"rotation": {"angle": 0, "axis": "y", "origin": [7.5, 11.25, 5.90901]},
			"faces": {
				"north": {"uv": [9.25, 4, 9.75, 10.5], "texture": "#1"},
				"east": {"uv": [8.75, 0.5, 10.25, 7], "texture": "#1"},
				"south": {"uv": [0, 0, 1, 6.5], "texture": "#1"},
				"west": {"uv": [8.75, 4, 7.25, 10.5], "texture": "#1"},
				"up": {"uv": [4, 0, 4.5, 3], "texture": "#1"},
				"down": {"uv": [0, 0, 1, 3], "texture": "#1"}
			}
		},
		{
			"name": "controls front",
			"from": [2, 3, 0],
			"to": [10, 9, 6],
			"rotation": {"angle": 0, "axis": "y", "origin": [7.5, 11.25, 5.90901]},
			"faces": {
				"north": {"uv": [0, 7.5, 2, 10.5], "texture": "#1"},
				"east": {"uv": [0, 0, 3, 3], "texture": "#1"},
				"south": {"uv": [0, 0, 4, 3], "texture": "#1"},
				"west": {"uv": [0, 0, 3, 3], "texture": "#1"},
				"up": {"uv": [0, 7, 2, 7.5], "texture": "#1"},
				"down": {"uv": [0, 0, 4, 3], "texture": "#1"}
			}
		},
		{
			"name": "controls center",
			"from": [2, 9, 1],
			"to": [10, 15, 6],
			"rotation": {"angle": 0, "axis": "y", "origin": [7.5, 11.25, 5.90901]},
			"faces": {
				"north": {"uv": [0, 3, 2, 6], "texture": "#1"},
				"east": {"uv": [10.5, 7, 10.5, 7], "texture": "#1"},
				"south": {"uv": [10.5, 7, 10.5, 7], "texture": "#1"},
				"west": {"uv": [10.5, 7.5, 10.5, 7.5], "texture": "#1"},
				"up": {"uv": [0, 0.5, 2, 3], "texture": "#1"},
				"down": {"uv": [10.5, 8, 10.25, 7.5], "texture": "#1"}
			}
		},
		{
			"name": "controls center top",
			"from": [2, 8.1, 0.9],
			"to": [10, 15.1, 6.9],
			"rotation": {"angle": 0, "axis": "y", "origin": [7.5, 11.25, 5.90901]},
			"faces": {
				"north": {"uv": [2, 6.5, 4, 3], "texture": "#1"},
				"east": {"uv": [0, 0, 2.55, 3.05], "texture": "#1"},
				"south": {"uv": [0, 0, 4, 3.05], "texture": "#1"},
				"west": {"uv": [0, 0, 2.55, 3.05], "texture": "#1"},
				"up": {"uv": [2, 0, 4, 3], "texture": "#1"},
				"down": {"uv": [0, 0, 4, 2.55], "texture": "#1"}
			}
		},
		{
			"name": "controls lever right",
			"from": [3, 14.75305, 3.81802],
			"to": [5, 20.75305, 5.81802],
			"rotation": {"angle": -45, "axis": "x", "origin": [4, 12.25305, 4.81802]},
			"faces": {
				"north": {"uv": [9.25, 2.5, 7.5, 3.5], "rotation": 90, "texture": "#1"},
				"east": {"uv": [9.25, 2.5, 7.5, 3.5], "rotation": 90, "texture": "#1"},
				"south": {"uv": [9.25, 2.5, 7.5, 3.5], "rotation": 90, "texture": "#1"},
				"west": {"uv": [9.25, 2.5, 7.5, 3.5], "rotation": 90, "texture": "#1"},
				"up": {"uv": [8.75, 2.5, 9.25, 3.5], "rotation": 180, "texture": "#1"},
				"down": {"uv": [0, 0, 1, 1], "texture": "#1"}
			}
		},
		{
			"name": "left",
			"from": [7, 11.25305, -3.68198],
			"to": [9, 13.25305, 2.31802],
			"rotation": {"angle": 22.5, "axis": "x", "origin": [8, 12.25305, 4.81802]},
			"faces": {
				"north": {"uv": [8.75, 2.5, 9.25, 3.5], "texture": "#1"},
				"east": {"uv": [9.25, 2.5, 7.5, 3.5], "rotation": 180, "texture": "#1"},
				"south": {"uv": [0, 0, 1, 1], "texture": "#1"},
				"west": {"uv": [9.25, 2.5, 7.5, 3.5], "texture": "#1"},
				"up": {"uv": [9.25, 2.5, 7.5, 3.5], "rotation": 90, "texture": "#1"},
				"down": {"uv": [9.25, 2.5, 7.5, 3.5], "rotation": 270, "texture": "#1"}
			}
		},
		{
			"name": "piston end",
			"from": [12, 3, 1],
			"to": [16, 10, 4],
			"rotation": {"angle": 0, "axis": "y", "origin": [7.5, 11.25, 5.90901]},
			"faces": {
				"north": {"uv": [8.75, 12.5, 7.75, 16], "texture": "#1"},
				"east": {"uv": [7, 12.5, 7.75, 16], "texture": "#1"},
				"south": {"uv": [5.5, 12.5, 4.5, 16], "texture": "#1"},
				"west": {"uv": [0, 0, 1.5, 3.5], "texture": "#1"},
				"up": {"uv": [7, 10.5, 7.75, 12.5], "rotation": 90, "texture": "#1"},
				"down": {"uv": [0, 0, 2, 1.5], "texture": "#1"}
			}
		},
		{
			"name": "piston base",
			"from": [12, 3, 10],
			"to": [16, 10, 16],
			"rotation": {"angle": 0, "axis": "y", "origin": [7.5, 11.25, 5.90901]},
			"faces": {
				"north": {"uv": [4.5, 12.5, 5.5, 16], "texture": "#1"},
				"east": {"uv": [5.5, 12.5, 7, 16], "texture": "#1"},
				"south": {"uv": [7.75, 12.5, 8.75, 16], "texture": "#1"},
				"west": {"uv": [5.5, 12.5, 7, 16], "texture": "#1"},
				"up": {"uv": [5.5, 10.5, 7, 12.5], "rotation": 90, "texture": "#1"},
				"down": {"uv": [0, 0, 2, 3], "texture": "#1"}
			}
		},
		{
			"name": "piston bottom",
			"from": [13, 4, 4],
			"to": [15, 6, 10],
			"rotation": {"angle": 0, "axis": "y", "origin": [7.5, 11.25, 5.90901]},
			"faces": {
				"north": {"uv": [0, 0, 1, 1], "texture": "#1"},
				"east": {"uv": [7, 1, 8.5, 2], "texture": "#1"},
				"south": {"uv": [0, 0, 1, 1], "texture": "#1"},
				"west": {"uv": [7, 1, 8.5, 2], "texture": "#1"},
				"up": {"uv": [8.5, 2, 7, 1], "rotation": 90, "texture": "#1"},
				"down": {"uv": [7, 2, 8.5, 1], "rotation": 90, "texture": "#1"}
			}
		},
		{
			"name": "piston top",
			"from": [13, 7, 4],
			"to": [15, 9, 10],
			"rotation": {"angle": 0, "axis": "y", "origin": [7.5, 14.25, 5.90901]},
			"faces": {
				"north": {"uv": [0, 0, 1, 1], "texture": "#1"},
				"east": {"uv": [7, 1, 8.5, 2], "texture": "#1"},
				"south": {"uv": [0, 0, 1, 1], "texture": "#1"},
				"west": {"uv": [7, 1, 8.5, 2], "texture": "#1"},
				"up": {"uv": [8.5, 2, 7, 1], "rotation": 90, "texture": "#1"},
				"down": {"uv": [7, 2, 8.5, 1], "rotation": 90, "texture": "#1"}
			}
		}
	],
	"display": {
		"gui": {
			"rotation": [30, 135, 0],
			"translation": [-0.5, -1, 0],
			"scale": [0.55, 0.55, 0.55]
		}
	}
}