{
	"credit": ["Made with Blockbench", "Model created by discord user thomas_has_things"],
	"parent": "cabin:block/machine",
	"textures": {
		"0": "cabin:block/lead_machine",
		"particle": "cabin:block/lead_casing"
	},
	"elements": [
		{
			"from": [2, 9, 0],
			"to": [5, 14, 5],
			"rotation": {"angle": 0, "axis": "y", "origin": [8, 2, 8]},
			"faces": {
				"north": {"uv": [7.75, 13.5, 6.5, 15], "rotation": 90, "texture": "#0"},
				"east": {"uv": [6.5, 9.5, 7.75, 12], "texture": "#0"},
				"south": {"uv": [6.5, 12, 7.75, 13.5], "rotation": 90, "texture": "#0"},
				"west": {"uv": [6.5, 9.5, 7.75, 12], "texture": "#0"},
				"up": {"uv": [6.5, 12, 7.75, 13.5], "rotation": 90, "texture": "#0"},
				"down": {"uv": [6.5, 12, 7.75, 13.5], "rotation": 90, "texture": "#0"}
			}
		},
		{
			"from": [1, 9, 1],
			"to": [6, 12, 6],
			"rotation": {"angle": 0, "axis": "y", "origin": [8, 2, 8]},
			"faces": {
				"north": {"uv": [7.75, 13.5, 9, 15], "texture": "#0"},
				"east": {"uv": [7.75, 12, 9, 13.5], "texture": "#0"},
				"south": {"uv": [7.75, 12, 9, 13.5], "texture": "#0"},
				"west": {"uv": [7.75, 12, 9, 13.5], "texture": "#0"},
				"up": {"uv": [7.75, 9.5, 9, 12], "rotation": 270, "texture": "#0"},
				"down": {"uv": [7.75, 9.5, 9, 12], "texture": "#0"}
			}
		},
		{
			"from": [0, 2, 0],
			"to": [7, 9, 12],
			"rotation": {"angle": 0, "axis": "y", "origin": [8, 2, 8]},
			"faces": {
				"north": {"uv": [6.5, 0, 8.25, 3.5], "texture": "#0"},
				"east": {"uv": [3.5, 3.5, 6.5, 7], "texture": "#0"},
				"south": {"uv": [6.75, 0.5, 8.5, 4], "texture": "#0"},
				"west": {"uv": [3.5, 3.5, 6.5, 7], "texture": "#0"},
				"up": {"uv": [3.5, 0, 6.5, 3.5], "rotation": 90, "texture": "#0"},
				"down": {"uv": [3.5, 7, 6.5, 10.5], "rotation": 90, "texture": "#0"}
			}
		},
		{
			"from": [8, 9, 5.95],
			"to": [10, 11, 7.95],
			"rotation": {"angle": 0, "axis": "y", "origin": [8, 2, 8]},
			"faces": {
				"north": {"uv": [8.25, 4.5, 8.75, 5.5], "texture": "#0"},
				"east": {"uv": [8.25, 4.5, 8.75, 5.5], "texture": "#0"},
				"south": {"uv": [8.25, 4.5, 8.75, 5.5], "texture": "#0"},
				"west": {"uv": [8.25, 4.5, 8.75, 5.5], "texture": "#0"},
				"up": {"uv": [8.25, 4.5, 8.75, 5.5], "texture": "#0"},
				"down": {"uv": [8.25, 4.5, 8.75, 5.5], "texture": "#0"}
			}
		},
		{
			"from": [9, 4, 6],
			"to": [15, 10, 8],
			"rotation": {"angle": 0, "axis": "y", "origin": [8, 2, 8]},
			"faces": {
				"north": {"uv": [6.75, 5.5, 8.25, 8.5], "texture": "#0"},
				"east": {"uv": [6.5, 5.5, 7, 8.5], "texture": "#0"},
				"south": {"uv": [6.75, 5.5, 8.25, 8.5], "texture": "#0"},
				"west": {"uv": [8, 8.5, 8.5, 5.5], "texture": "#0"},
				"up": {"uv": [6.75, 6, 8.25, 5], "texture": "#0"},
				"down": {"uv": [6.75, 9, 8.25, 8], "texture": "#0"}
			}
		},
		{
			"from": [8, 14, 9],
			"to": [12, 16, 13],
			"rotation": {"angle": 0, "axis": "y", "origin": [8, 2, 8]},
			"faces": {
				"north": {"uv": [9, 7.5, 10, 8.5], "texture": "#0"},
				"east": {"uv": [9, 7.5, 10, 8.5], "texture": "#0"},
				"south": {"uv": [9, 7.5, 10, 8.5], "texture": "#0"},
				"west": {"uv": [9, 7.5, 10, 8.5], "texture": "#0"},
				"up": {"uv": [9, 5.5, 10, 7.5], "texture": "#0"},
				"down": {"uv": [9, 5.5, 10, 7.5], "texture": "#0"}
			}
		},
		{
			"from": [8.5, 15.5, 11],
			"to": [11.5, 19.5, 11],
			"rotation": {"angle": 0, "axis": "y", "origin": [8, 2, 8]},
			"faces": {
				"north": {"uv": [10, 4, 9, 5.5], "rotation": 90, "texture": "#0"},
				"east": {"uv": [0, 0, 0, 2], "texture": "#0"},
				"south": {"uv": [10, 4, 9, 5.5], "rotation": 90, "texture": "#0"},
				"west": {"uv": [0, 0, 0, 2], "texture": "#0"},
				"up": {"uv": [9, 5, 9, 6.5], "rotation": 180, "texture": "#0"},
				"down": {"uv": [9, 5, 9, 6.5], "texture": "#0"}
			}
		},
		{
			"from": [7.5, 16, 8.5],
			"to": [12.5, 21, 13.5],
			"rotation": {"angle": 0, "axis": "y", "origin": [8, 2, 8]},
			"faces": {
				"north": {"uv": [9, 11, 10.25, 13.5], "texture": "#0"},
				"east": {"uv": [9, 11, 10.25, 13.5], "texture": "#0"},
				"south": {"uv": [9, 11, 10.25, 13.5], "texture": "#0"},
				"west": {"uv": [9, 11, 10.25, 13.5], "texture": "#0"},
				"up": {"uv": [9, 8.5, 10.25, 11], "texture": "#0"},
				"down": {"uv": [9, 13.5, 10.25, 16], "texture": "#0"}
			}
		},
		{
			"from": [10, 3, 8],
			"to": [16, 11, 16],
			"rotation": {"angle": 0, "axis": "y", "origin": [8, 2, 8]},
			"faces": {
				"north": {"uv": [12.25, 13, 10.25, 16], "rotation": 90, "texture": "#0"},
				"east": {"uv": [12.25, 9, 14.25, 13], "texture": "#0"},
				"south": {"uv": [10.25, 13, 12.25, 16], "rotation": 270, "texture": "#0"},
				"west": {"uv": [12.25, 9, 14.25, 13], "texture": "#0"},
				"up": {"uv": [12.25, 13, 14.25, 16], "rotation": 90, "texture": "#0"},
				"down": {"uv": [12.25, 13, 14.25, 16], "rotation": 90, "texture": "#0"}
			}
		},
		{
			"from": [0, 0, 1],
			"to": [16, 2, 15],
			"rotation": {"angle": 0, "axis": "y", "origin": [8, 2, 8]},
			"faces": {
				"north": {"uv": [10.25, 7, 14.25, 8], "texture": "#0"},
				"east": {"uv": [10.75, 8, 14.25, 9], "texture": "#0"},
				"south": {"uv": [10.25, 7, 14.25, 8], "texture": "#0"},
				"west": {"uv": [10.75, 8, 14.25, 9], "texture": "#0"},
				"up": {"uv": [10.25, 0, 14.25, 7], "texture": "#0"},
				"down": {"uv": [10.25, 0, 14.25, 7], "texture": "#0"}
			}
		},
		{
			"from": [1, 2, 7],
			"to": [14, 14, 15],
			"rotation": {"angle": 0, "axis": "y", "origin": [8, 2, 8]},
			"faces": {
				"north": {"uv": [0, 4, 3.25, 10], "texture": "#0"},
				"east": {"uv": [0, 10, 3, 14], "rotation": 90, "texture": "#0"},
				"south": {"uv": [0, 4, 3.25, 10], "texture": "#0"},
				"west": {"uv": [0, 10, 3, 14], "rotation": 90, "texture": "#0"},
				"up": {"uv": [0, 0, 3.25, 4], "texture": "#0"},
				"down": {"uv": [0, 0, 3.25, 4], "texture": "#0"}
			}
		}
	],
	"display": {
		"gui": {
			"rotation": [30, 135, 0],
			"translation": [0, -1.25, 0],
			"scale": [0.53, 0.53, 0.53]
		}
	},
	"groups": [
		{
			"name": "group",
			"origin": [0, 2, -1],
			"color": 0,
			"children": [0, 1, 2, 3, 4, 5, 6, 7, 8, 9, 10]
		}
	]
}