{
	"credit": "Made with Blockbench",
	"ambientocclusion": false,
	"textures": {
		"particle": "minecraft:block/chiseled_quartz_block",
		"0": "minecraft:block/chiseled_quartz_block"
	},
	"elements": [
		{
			"from": [5, 0, 5],
			"to": [11, 10, 11],
			"faces": {
				"north": {"uv": [5, 3, 11, 13], "texture": "#0"},
				"east": {"uv": [5, 3, 11, 13], "texture": "#0"},
				"south": {"uv": [5, 3, 11, 13], "texture": "#0"},
				"west": {"uv": [5, 3, 11, 13], "texture": "#0"},
				"up": {"uv": [5, 5, 11, 11], "texture": "#0"},
				"down": {"uv": [5, 5, 11, 11], "texture": "#0"}
			}
		},
		{
			"from": [7, 10, 7],
			"to": [9, 11, 9],
			"rotation": {"angle": 0, "axis": "y", "origin": [7, 10, 7]},
			"faces": {
				"north": {"uv": [7, 13, 9, 14], "texture": "#0"},
				"east": {"uv": [7, 13, 9, 14], "texture": "#0"},
				"south": {"uv": [7, 13, 9, 14], "texture": "#0"},
				"west": {"uv": [7, 13, 9, 14], "texture": "#0"}
			}
		},
		{
			"from": [6, 11, 6],
			"to": [10, 12, 10],
			"rotation": {"angle": 0, "axis": "y", "origin": [7, 11, 7]},
			"faces": {
				"north": {"uv": [6, 14, 10, 15], "texture": "#0"},
				"east": {"uv": [6, 14, 10, 15], "texture": "#0"},
				"south": {"uv": [6, 14, 10, 15], "texture": "#0"},
				"west": {"uv": [6, 14, 10, 15], "texture": "#0"},
				"up": {"uv": [6, 6, 10, 10], "texture": "#0"},
				"down": {"uv": [6, 6, 10, 10], "texture": "#0"}
			}
		}
	],
	"display": {
		"thirdperson_righthand": {
			"rotation": [75, 45, 0],
			"translation": [0, 2.5, 0],
			"scale": [0.375, 0.375, 0.375]
		},
		"thirdperson_lefthand": {
			"rotation": [75, 45, 0],
			"translation": [0, 2.5, 0],
			"scale": [0.375, 0.375, 0.375]
		},
		"firstperson_righthand": {
			"rotation": [0, 45, 0],
			"scale": [0.4, 0.4, 0.4]
		},
		"firstperson_lefthand": {
			"rotation": [0, 225, 0],
			"scale": [0.4, 0.4, 0.4]
		},
		"ground": {
			"translation": [0, 3, 0],
			"scale": [0.25, 0.25, 0.25]
		},
		"gui": {
			"rotation": [30, 225, 0],
			"scale": [0.625, 0.625, 0.625]
		},
		"fixed": {
			"scale": [0.5, 0.5, 0.5]
		}
	}
}