{
    "type": "minecraft:waterlogged_vegetation_patch",
    "config": {
        "depth": 1,
        "extra_bottom_block_chance": 0,
        "extra_edge_column_chance": 0.5,
        "ground_state": {
            "type": "minecraft:simple_state_provider",
            "state": {
                "Name": "minecraft:stone"
            }
        },
        "replaceable": "#terralith:soil_stone",
        "surface": "floor",
        "vegetation_chance": 0.05,
        "vegetation_feature": {
            "feature": {
                "type": "minecraft:simple_block",
                "config": {
                    "to_place": {
                        "type": "minecraft:simple_state_provider",
                        "state": {
                            "Name": "minecraft:ice"
                        }
                    }
                }
            },
            "placement": []
        },
        "vertical_range": 2,
        "xz_radius": {
            "type": "minecraft:biased_to_bottom",
            "min_inclusive": 1,
            "max_inclusive": 2
        }
    }
}