{
  "argument1": {
    "argument1": 4,
    "argument2": {
      "argument": {
        "noise": "minecraft:cave_layer",
        "xz_scale": 0.75,
        "y_scale": 6,
        "type": "minecraft:noise"
      },
      "type": "minecraft:square"
    },
    "type": "minecraft:mul"
  },
  "argument2": {
    "input": {
      "argument1": 0.23,
      "argument2": {
        "noise": "amplified_nether:math/cave/cheese",
        "xz_scale": 1,
        "y_scale": 0.6666666666666666,
        "type": "minecraft:noise"
      },
      "type": "minecraft:add"
    },
    "min": -1,
    "max": 1,
    "type": "minecraft:clamp"
  },
  "type": "minecraft:add"
}
