{
  "type": "create:mechanical_crafting",
  "acceptMirrored": true,
  "key": {
    "Q": {
      "item": "scguns:gun_grip"
    },
    "C":
    {
      "item": "scguns:gun_magazine"
    },
    "L": {
      "item": "scguns:firing_unit"
    },
    "R": {
      "item": "scguns:gun_parts"
    },
    "S": {
      "item": "scguns:gun_barrel"
    },
    "M": {
      "item": "scguns:scorched_ingot"
    },
    "X": {
      "item": "scguns:scorched_blueprint"
    }
  },
  "pattern": [
    "XMM",
    "LRS",
    "Q C"
  ],
  "result": {
    "item": "scguns:prima_materia"
  }
}