{
    "type": "minecraft:disk",
    "config": {
        "half_height": 2,
        "radius": {
            "type": "minecraft:uniform",
            "min_inclusive": 4,
            "max_inclusive": 6
        },
        "state_provider": {
            "fallback": {
                "type": "minecraft:simple_state_provider",
                "state": {
                    "Name": "minecraft:clay"
                }
            },
            "rules": []
        },
        "target": {
            "type": "minecraft:matching_blocks",
            "blocks": [
                "minecraft:dirt",
                "minecraft:clay"
            ]
        }
    }
}