{
  "type": "create:mixing",
  "heatRequirement": "superheated",
  "ingredients": [
    [
      {
        "item": "scguns:raw_anthralite"
      },
      {
        "item": "scguns:anthralite_ingot"
      }
    ],
    {
      "item": "minecraft:diamond"
    },
    [
      {
        "item": "scguns:treated_iron_blend"
      },
      {
        "item": "scguns:treated_iron_ingot"
      }
    ],
    {
      "item": "minecraft:lapis_lazuli"
    }
  ],
  "results": [
    {
      "count": 5,
      "item": "scguns:diamond_steel_ingot"
    },
    {
      "chance": 0.1,
      "item": "scguns:diamond_steel_ingot"
    }
  ]
}