{
  "type": "create:mixing",
  "ingredients": [
    {
      "item": "minecraft:gunpowder"
    },
    {
      "item": "scguns:peal"
    },
    {
      "item": "scguns:sheol"
    },
    {
      "item": "scguns:netherite_scrap_chunk"
    },
    {
      "item": "scguns:netherite_scrap_chunk"
    },
    {
      "item": "scguns:netherite_scrap_chunk"
    },
    {
      "item": "scguns:netherite_scrap_chunk"
    },
    {
      "item": "scguns:niter_dust"
    },
    {
      "item": "scguns:phosphor_dust"
    }
  ],
  "results": [
    {
      "count": 8,
      "item": "scguns:nitro_powder"
    }
  ]
}