{
    "name": "Bouncy",
    "description": "blobbos just bounce if we fall down.",
    "condition": {
        "type": "origins:constant",
        "value": true
    },
    "type": "origins:stacking_status_effect",
    "min_stacks": 0,
    "max_stacks": 1,
    "duration_per_stack": 30,
    "tick_rate": 20,
    "effect": {
        "effect": "tconstruct:bouncy",
        "duration": 30,
        "amplifier": 0,
        "is_ambient": true,
        "show_particles": false,
        "show_icon": false
    }
}