{
    "name": "Catalyzing Glands",
    "description": "Mutant organs in your digestive tract are capable of processing rotten flesh into gunpowder, vomiting it back up for immediate use.",
    "type": "origins:action_on_item_use",
    "entity_action": {
        "type": "origins:and",
        "actions": [
            {
                "type": "origins:give",
                "stack": {
                    "item": "minecraft:gunpowder",
                    "amount": 1
                }
            },
            {
                "type": "origins:play_sound",
                "sound": "minecraft:entity.drowned.hurt_water",
                "volume": 1,
                "pitch": 1
            }
        ]
    },
    "item_condition": {
        "type": "origins:ingredient",
        "ingredient": {
            "item": "minecraft:rotten_flesh"
        }
    },
    "trigger": "finish",
    "priority": 0
}