{
    "name": "Dexterous Fighter",
    "description": "Your nimble arms can attack rapidly, but hardly deal any damage in melee. You're also quicker at drawing bows.",
    "type": "origins:multiple",
    "key0": {
        "type": "origins:attribute",
        "modifiers": [
            {
                "attribute": "minecraft:generic.attack_damage",
                "operation": "multiply_total",
                "value": -0.8
            },
            {
                "attribute": "minecraft:generic.attack_speed",
                "operation": "addition",
                "value": 6
            },
            {
                "attribute": "attributeslib:draw_speed",
                "operation": "addition",
                "value": 0.5
            }
        ],
        "update_health": true
    }
}