{
    "name": "Featherlight",
    "description": "You crash to the ground if wearing armor heavier than chainmail.",
    "type": "origins:multiple",
    "key0": {
        "condition": {
            "type": "origins:or",
            "conditions": [
                {
                    "type": "origins:equipped_item",
                    "equipment_slot": "head",
                    "item_condition": {
                        "type": "origins:armor_value",
                        "comparison": ">",
                        "compare_to": 2
                    }
                },
                {
                    "type": "origins:equipped_item",
                    "equipment_slot": "chest",
                    "item_condition": {
                        "type": "origins:armor_value",
                        "comparison": ">",
                        "compare_to": 5
                    }
                },
                {
                    "type": "origins:equipped_item",
                    "equipment_slot": "legs",
                    "item_condition": {
                        "type": "origins:armor_value",
                        "comparison": ">",
                        "compare_to": 4
                    }
                },
                {
                    "type": "origins:equipped_item",
                    "equipment_slot": "feet",
                    "item_condition": {
                        "type": "origins:armor_value",
                        "comparison": ">",
                        "compare_to": 1
                    }
                }
            ]
        },
        "type": "origins:conditioned_attribute",
        "modifiers": [
            {
                "attribute": "forge:entity_gravity",
                "operation": "multiply_base",
                "value": 2
            }
        ],
        "tick_rate": 10,
        "update_health": true
    },
    "key1": {
        "condition": {
            "type": "origins:or",
            "conditions": [
                {
                    "type": "origins:equipped_item",
                    "equipment_slot": "head",
                    "item_condition": {
                        "type": "origins:armor_value",
                        "comparison": ">",
                        "compare_to": 2
                    }
                },
                {
                    "type": "origins:equipped_item",
                    "equipment_slot": "chest",
                    "item_condition": {
                        "type": "origins:armor_value",
                        "comparison": ">",
                        "compare_to": 5
                    }
                },
                {
                    "type": "origins:equipped_item",
                    "equipment_slot": "legs",
                    "item_condition": {
                        "type": "origins:armor_value",
                        "comparison": ">",
                        "compare_to": 4
                    }
                },
                {
                    "type": "origins:equipped_item",
                    "equipment_slot": "feet",
                    "item_condition": {
                        "type": "origins:armor_value",
                        "comparison": ">",
                        "compare_to": 1
                    }
                }
            ]
        },
        "type": "origins:stacking_status_effect",
        "min_stacks": 0,
        "max_stacks": 1,
        "duration_per_stack": 30,
        "tick_rate": 20,
        "effect": {
            "effect": "minecraft:slowness",
            "duration": 100,
            "amplifier": 2,
            "is_ambient": true,
            "show_particles": false,
            "show_icon": false
        }
    }
}