{
    "name": "Nimble",
    "description": "Rats are small enough to avoid thorns and brambles. You won't take any damage from prickly plants, and even magic Thorns can't hurt you.",
    "type": "origins:invulnerability",
    "damage_condition": {
        "type": "origins:or",
        "conditions": [
            {
                "type": "origins:name",
                "name": "cactus"
            },
            {
                "type": "origins:name",
                "name": "sweetBerryBush"
            },
            {
                "type": "origins:name",
                "name": "thorns"
            }
        ]
    }
}