{
    "name": "Speedy Gremlin",
    "description": "You skitter around quickly, and your speed skyrockets when your health is critically low.",
    "type": "origins:multiple",
    "key0": {
        "condition": {
            "type": "origins:and",
            "conditions": [
                {
                    "type": "origins:health",
                    "comparison": ">",
                    "compare_to": 4
                },
                {
                    "inverted": true,
                    "type": "origins:or",
                    "conditions": [
                        {
                            "type": "origins:equipped_item",
                            "equipment_slot": "head",
                            "item_condition": {
                                "type": "origins:armor_value",
                                "comparison": ">",
                                "compare_to": 2
                            }
                        },
                        {
                            "type": "origins:equipped_item",
                            "equipment_slot": "chest",
                            "item_condition": {
                                "type": "origins:armor_value",
                                "comparison": ">",
                                "compare_to": 5
                            }
                        },
                        {
                            "type": "origins:equipped_item",
                            "equipment_slot": "legs",
                            "item_condition": {
                                "type": "origins:armor_value",
                                "comparison": ">",
                                "compare_to": 4
                            }
                        },
                        {
                            "type": "origins:equipped_item",
                            "equipment_slot": "feet",
                            "item_condition": {
                                "type": "origins:armor_value",
                                "comparison": ">",
                                "compare_to": 1
                            }
                        }
                    ]
                }
            ]
        },
        "type": "origins:conditioned_attribute",
        "modifiers": [
            {
                "attribute": "minecraft:generic.movement_speed",
                "operation": "multiply_base",
                "value": 0.2
            }
        ],
        "tick_rate": 10,
        "update_health": true
    },
    "key1": {
        "condition": {
            "type": "origins:and",
            "conditions": [
                {
                    "type": "origins:health",
                    "comparison": "<=",
                    "compare_to": 4
                },
                {
                    "inverted": true,
                    "type": "origins:or",
                    "conditions": [
                        {
                            "type": "origins:equipped_item",
                            "equipment_slot": "head",
                            "item_condition": {
                                "type": "origins:armor_value",
                                "comparison": ">",
                                "compare_to": 2
                            }
                        },
                        {
                            "type": "origins:equipped_item",
                            "equipment_slot": "chest",
                            "item_condition": {
                                "type": "origins:armor_value",
                                "comparison": ">",
                                "compare_to": 5
                            }
                        },
                        {
                            "type": "origins:equipped_item",
                            "equipment_slot": "legs",
                            "item_condition": {
                                "type": "origins:armor_value",
                                "comparison": ">",
                                "compare_to": 4
                            }
                        },
                        {
                            "type": "origins:equipped_item",
                            "equipment_slot": "feet",
                            "item_condition": {
                                "type": "origins:armor_value",
                                "comparison": ">",
                                "compare_to": 1
                            }
                        }
                    ]
                }
            ]
        },
        "type": "origins:conditioned_attribute",
        "modifiers": [
            {
                "attribute": "minecraft:generic.movement_speed",
                "operation": "multiply_base",
                "value": 0.8
            }
        ],
        "tick_rate": 10,
        "update_health": true
    }
}