{
    "name": "Spin Jump",
    "description": "Hedgehogs can curl into a ball and launch into the air at high speeds. Also, entities you touch while falling will take damage from your spiny quills.",
    "type": "origins:multiple",
    "key0": {
        "type": "origins:launch",
        "cooldown": 200,
        "speed": 1.5,
        "hud_render": {
            "should_render": true,
            "bar_index": 4
        },
        "sound": "create:fwoomp",
        "key": {
            "key": "key.origins.primary_active",
            "continuous": false
        }
    },
    "key1": {
        "condition": {
            "type": "origins:fall_distance",
            "comparison": ">",
            "compare_to": 0
        },
        "type": "origins:action_over_time",
        "interval": 1,
        "entity_action": {
            "type": "origins:area_of_effect",
            "radius": 1,
            "bientity_condition": {
                "type": "origins:target_condition",
                "condition": {
                    "type": "origins:living"
                }
            },
            "bientity_action": {
                "type": "origins:target_action",
                "action": {
                    "type": "origins:damage",
                    "amount": 2,
                    "damage_type": "thorns"
                }
            }
        },
        "rising_action": {
            "type": "origins:area_of_effect",
            "radius": 1,
            "bientity_condition": {
                "type": "origins:target_condition",
                "condition": {
                    "type": "origins:living"
                }
            },
            "bientity_action": {
                "type": "origins:target_action",
                "action": {
                    "type": "origins:damage",
                    "amount": 2,
                    "damage_type": "thorns"
                }
            }
        }
    }
}