{
    "name": "Start Item: Burger",
    "description": "Cactoids always carry an emergency burger.",
    "type": "origins:multiple",
    "equipment": {
        "type": "origins:starting_equipment",
        "stack": {
            "item": "farmersdelight:hamburger",
            "amount": 1
        }
    },
    "quests": {
        "type": "origins:action_on_callback",
        "execute_chosen_when_orb": true,
        "entity_action_gained": {
            "type": "origins:execute_command",
            "command": "/ftbquests change_progress @p complete 085150E24AC92F5C"
        },
        "entity_action_lost": {
            "type": "origins:execute_command",
            "command": "/ftbquests change_progress @p reset 085150E24AC92F5C"
        }
    }
}