{
    "name": "Start Item: Cheese",
    "description": "Rats always have one last piece of cheese stashed away.",
    "type": "origins:multiple",
    "equipment": {
        "type": "origins:starting_equipment",
        "stack": {
            "item": "rats:cheese",
            "amount": 1
        }
    },
    "quests": {
        "type": "origins:action_on_callback",
        "execute_chosen_when_orb": true,
        "entity_action_gained": {
            "type": "origins:execute_command",
            "command": "/ftbquests change_progress @p complete 4FE493562DC11639"
        },
        "entity_action_lost": {
            "type": "origins:execute_command",
            "command": "/ftbquests change_progress @p reset 4FE493562DC11639"
        }
    }
}