{
    "name": "Start Item: Candy",
    "description": "Angels begin with one last piece of candy.",
    "type": "origins:multiple",
    "equipment": {
        "type": "origins:starting_equipment",
        "stack": {
            "item": "supplementaries:candy",
            "amount": 1
        }
    },
    "quests": {
        "type": "origins:action_on_callback",
        "execute_chosen_when_orb": true,
        "entity_action_gained": {
            "type": "origins:execute_command",
            "command": "/ftbquests change_progress @p complete 29DCAFA75FB1AB55"
        },
        "entity_action_lost": {
            "type": "origins:execute_command",
            "command": "/ftbquests change_progress @p reset 29DCAFA75FB1AB55"
        }
    }
}