{
    "name": "Angel: Food Sugar Replenishment",
    "description": "Replenishes Sugar resource when eating raw Sugar.",
    "hidden": true,
    "condition": {
        "type": "origins:equipped_item",
        "equipment_slot": "mainhand",
        "item_condition": {
            "type": "origins:ingredient",
            "ingredient": {
                "item": "minecraft:sugar"
            }
        }
    },
    "type": "origins:active_self",
    "entity_action": {
        "type": "origins:and",
        "actions": [
            {
                "type": "origins:equipped_item_action",
                "equipment_slot": "mainhand",
                "action": {
                    "type": "origins:consume",
                    "amount": 1
                }
            },
            {
                "type": "origins:feed",
                "food": 1,
                "saturation": 0.01
            },
            {
                "type": "origins:execute_command",
                "command": "/resource change @s autisorigins:sugar_addict 1"
            },
            {
                "type": "origins:play_sound",
                "sound": "minecraft:entity.player.burp",
                "volume": 1,
                "pitch": 1
            }
        ]
    },
    "cooldown": 1,
    "key": {
        "key": "key.use",
        "continuous": false
    }
}