{
    "type": "minecraft:disk",
    "config": {
        "half_height": 4,
        "radius": {
            "type": "minecraft:biased_to_bottom",
            "min_inclusive": 2,
            "max_inclusive": 6
        },
        "state_provider": {
            "fallback": {
                "type": "minecraft:simple_state_provider",
                "state": {
                    "Name": "minecraft:sand"
                }
            },
            "rules": []
        },
        "target": {
            "type": "minecraft:matching_blocks",
            "blocks": [
                "minecraft:gravel",
                "minecraft:dirt",
                "minecraft:grass_block"
            ]
        }
    }
}