{
  "type": "create:crushing",
  "ingredients": [
    {
      "item": "scguns:big_bore"
    }
  ],
  "processingTime": 250,
  "results": [
    {
      "chance": 0.3,
      "item": "scguns:heavy_gun_parts"
    },
    {
      "chance": 0.3,
      "item": "scguns:heavy_gun_barrel"
    },
    {
      "chance": 0.3,
      "item": "scguns:heavy_gun_barrel"
    },
    {
      "chance": 0.3,
      "item": "scguns:heavy_gun_barrel"
    },
    {
      "chance": 0.3,
      "item": "scguns:heavy_gun_barrel"
    },
    {
      "chance": 0.3,
      "item": "scguns:heavy_gun_barrel"
    },
    {
      "chance": 0.3,
      "item": "scguns:firing_unit"
    }
  ]
}
