{
  "type": "create:crushing",
  "ingredients": [
    {
      "item": "scguns:mangalitsa"
    }
  ],
  "processingTime": 250,
  "results": [
    {
      "chance": 0.3,
      "item": "scguns:vehement_coal"
    },
    {
      "chance": 0.3,
      "item": "scguns:anthralite_ingot"
    },
    {
      "chance": 0.3,
      "item": "scguns:heavy_gun_barrel"
    },
    {
      "chance": 0.3,
      "item": "scguns:heavy_gun_parts"
    },
    {
      "chance": 0.3,
      "item": "scguns:gun_magazine"
    },
    {
      "chance": 0.3,
      "item": "scguns:rapid_firing_unit"
    }
  ]
}
