{
  "type": "minecraft:flat_cache",
  "argument": {
    "type": "minecraft:cache_2d",
    "argument": {
      "type": "minecraft:spline",
      "spline": {
        "coordinate": "skylands_over_the_sea:islands/layer1/noise",
        "points": [
          {
            "location": 0,
            "derivative": 0,
            "value": 0
          },
          {
            "location": 0.05,
            "derivative": 0,
            "value": 0.3
          },
          {
            "location": 0.1,
            "derivative": 0,
            "value": 0.45
          },
          {
            "location": 0.2,
            "derivative": 0,
            "value": 0.6
          },
          {
            "location": 0.3,
            "derivative": 0,
            "value": 0.7
          },
          {
            "location": 0.4,
            "derivative": 0,
            "value": 0.8
          },
          {
            "location": 0.5,
            "derivative": 0,
            "value": 0.85
          },
          {
            "location": 0.6,
            "derivative": 0,
            "value": 0.95
          },
          {
            "location": 0.7,
            "derivative": 0,
            "value": 0.9875
          }
        ]
      }
    }
  }
}
