{
  "raid_id": "copper",
  "burst_delay": 20,
  "duration": 60,
  "trail_particles": [
    {
      "particle": "minecraft:flame",
      "count": 2,
      "spread": 0.3,
      "speed": 0.1,
      "color": "#FF6B35"
    }
  ],
  "burst_particles": [
    {
      "particle": "minecraft:electric_spark",
      "count": 150,
      "spread": 0.25,
      "speed": 0.35,
      "color": "#D4691A"
    },
    {
      "particle": "minecraft:lava",
      "count": 30,
      "spread": 0.4,
      "speed": 0.2,
      "color": "#FF6B35"
    }
  ],
  "pattern": {
    "type": "circle",
    "repetitions": 4,
    "scale": 4.5
  },
  "burst_sound": "minecraft:entity.firework_rocket.large_blast",
  "burst_sound_volume": 1.6,
  "burst_sound_pitch": 0.9
}