{
  "raid_id": "iron",
  "burst_delay": 20,
  "duration": 60,
  "trail_particles": [
    {
      "particle": "minecraft:smoke",
      "count": 3,
      "spread": 0.3,
      "speed": 0.1,
      "color": "#A9A9A9"
    }
  ],
  "burst_particles": [
    {
      "particle": "minecraft:electric_spark",
      "count": 180,
      "spread": 0.3,
      "speed": 0.4,
      "color": "#C0C0C0"
    },
    {
      "particle": "minecraft:crit",
      "count": 50,
      "spread": 0.5,
      "speed": 0.3,
      "color": "#808080"
    }
  ],
  "pattern": {
    "type": "cross",
    "repetitions": 5,
    "scale": 5.0
  },
  "burst_sound": "minecraft:entity.firework_rocket.large_blast",
  "burst_sound_volume": 1.7,
  "burst_sound_pitch": 0.7
}