{
  "raid_id": "ocean",
  "burst_delay": 20,
  "duration": 60,
  "trail_particles": [
    {
      "particle": "minecraft:dripping_water",
      "count": 4,
      "spread": 0.3,
      "speed": 0.1,
      "color": "#0099CC"
    },
    {
      "particle": "minecraft:bubble",
      "count": 2,
      "spread": 0.2,
      "speed": 0.15,
      "color": "#00BFFF"
    }
  ],
  "burst_particles": [
    {
      "particle": "minecraft:electric_spark",
      "count": 170,
      "spread": 0.3,
      "speed": 0.4,
      "color": "#00CED1"
    },
    {
      "particle": "minecraft:dolphin",
      "count": 60,
      "spread": 0.5,
      "speed": 0.35,
      "color": "#1E90FF"
    },
    {
      "particle": "minecraft:bubble_pop",
      "count": 80,
      "spread": 0.6,
      "speed": 0.3,
      "color": "#87CEEB"
    }
  ],
  "pattern": {
    "type": "wave",
    "repetitions": 5,
    "scale": 5.0
  },
  "burst_sound": "minecraft:entity.firework_rocket.large_blast",
  "burst_sound_volume": 1.6,
  "burst_sound_pitch": 1.1
}