{
    "type": "minecraft:vegetation_patch",
    "config": {
        "depth": 1,
        "extra_bottom_block_chance": 0,
        "extra_edge_column_chance": 0.5,
        "ground_state": {
            "type": "minecraft:simple_state_provider",
            "state": {
                "Name": "minecraft:stone"
            }
        },
        "replaceable": "#terralith:island_blocks",
        "surface": "ceiling",
        "vegetation_chance": 0.8,
        "vegetation_feature": {
            "feature": {
                "type": "minecraft:random_selector",
                "config": {
                    "default": {
                        "feature": {
                            "type": "minecraft:simple_block",
                            "config": {
                                "to_place": {
                                    "type": "minecraft:simple_state_provider",
                                    "state": {
                                        "Name": "minecraft:stone"
                                    }
                                }
                            }
                        },
                        "placement": [
                            {
                                "type": "minecraft:block_predicate_filter",
                                "predicate": {
                                    "type": "minecraft:all_of",
                                    "predicates": [
                                        {
                                            "type": "minecraft:not",
                                            "predicate": {
                                                "type": "minecraft:matching_blocks",
                                                "blocks": [
                                                    "minecraft:air"
                                                ],
                                                "offset": [
                                                    1,
                                                    2,
                                                    0
                                                ]
                                            }
                                        },
                                        {
                                            "type": "minecraft:not",
                                            "predicate": {
                                                "type": "minecraft:matching_blocks",
                                                "blocks": [
                                                    "minecraft:air"
                                                ],
                                                "offset": [
                                                    -1,
                                                    2,
                                                    0
                                                ]
                                            }
                                        },
                                        {
                                            "type": "minecraft:not",
                                            "predicate": {
                                                "type": "minecraft:matching_blocks",
                                                "blocks": [
                                                    "minecraft:air"
                                                ],
                                                "offset": [
                                                    0,
                                                    2,
                                                    -1
                                                ]
                                            }
                                        },
                                        {
                                            "type": "minecraft:not",
                                            "predicate": {
                                                "type": "minecraft:matching_blocks",
                                                "blocks": [
                                                    "minecraft:air"
                                                ],
                                                "offset": [
                                                    0,
                                                    2,
                                                    1
                                                ]
                                            }
                                        }
                                    ]
                                }
                            }
                        ]
                    },
                    "features": [
                        {
                            "chance": 0.965,
                            "feature": {
                                "feature": {
                                    "type": "minecraft:simple_block",
                                    "config": {
                                        "to_place": {
                                            "type": "minecraft:simple_state_provider",
                                            "state": {
                                                "Name": "minecraft:stone"
                                            }
                                        }
                                    }
                                },
                                "placement": [
                                    {
                                        "type": "minecraft:block_predicate_filter",
                                        "predicate": {
                                            "type": "minecraft:all_of",
                                            "predicates": [
                                                {
                                                    "type": "minecraft:not",
                                                    "predicate": {
                                                        "type": "minecraft:matching_blocks",
                                                        "blocks": [
                                                            "minecraft:air"
                                                        ],
                                                        "offset": [
                                                            1,
                                                            1,
                                                            0
                                                        ]
                                                    }
                                                },
                                                {
                                                    "type": "minecraft:not",
                                                    "predicate": {
                                                        "type": "minecraft:matching_blocks",
                                                        "blocks": [
                                                            "minecraft:air"
                                                        ],
                                                        "offset": [
                                                            -1,
                                                            1,
                                                            0
                                                        ]
                                                    }
                                                },
                                                {
                                                    "type": "minecraft:not",
                                                    "predicate": {
                                                        "type": "minecraft:matching_blocks",
                                                        "blocks": [
                                                            "minecraft:air"
                                                        ],
                                                        "offset": [
                                                            0,
                                                            1,
                                                            -1
                                                        ]
                                                    }
                                                },
                                                {
                                                    "type": "minecraft:not",
                                                    "predicate": {
                                                        "type": "minecraft:matching_blocks",
                                                        "blocks": [
                                                            "minecraft:air"
                                                        ],
                                                        "offset": [
                                                            0,
                                                            1,
                                                            1
                                                        ]
                                                    }
                                                }
                                            ]
                                        }
                                    }
                                ]
                            }
                        }
                    ]
                }
            },
            "placement": []
        },
        "vertical_range": 12,
        "xz_radius": {
            "type": "minecraft:uniform",
            "min_inclusive": 4,
            "max_inclusive": 8
        }
    }
}