{
    "feature": "terralith:volcano/lava_flow",
    "placement": [
        {
            "type": "minecraft:count",
            "count": 80
        },
        {
            "type": "minecraft:in_square"
        },
        {
            "type": "minecraft:heightmap",
            "heightmap": "WORLD_SURFACE_WG"
        },
        {
            "type": "minecraft:biome"
        },
        {
            "type": "minecraft:count",
            "count": {
                "type": "minecraft:uniform",
                "min_inclusive": 10,
                "max_inclusive": 10
            }
        },
        {
            "type": "minecraft:random_offset",
            "xz_spread": {
                "type": "minecraft:uniform",
                "min_inclusive": -4,
                "max_inclusive": 4
            },
            "y_spread": 0
        },
        {
            "type": "minecraft:heightmap",
            "heightmap": "WORLD_SURFACE_WG"
        },
        {
            "type": "minecraft:block_predicate_filter",
            "predicate": {
                "type": "minecraft:all_of",
                "predicates": [
                    {
                        "type": "minecraft:matching_blocks",
                        "blocks": [
                            "minecraft:air"
                        ],
                        "offset": [
                            0,
                            0,
                            0
                        ]
                    },
                    {
                        "type": "minecraft:matching_blocks",
                        "blocks": [
                            "minecraft:basalt",
                            "minecraft:smooth_basalt",
                            "blackstone"
                        ],
                        "offset": [
                            0,
                            -1,
                            0
                        ]
                    },
                    {
                        "type": "minecraft:matching_blocks",
                        "blocks": [
                            "minecraft:basalt",
                            "minecraft:smooth_basalt",
                            "blackstone"
                        ],
                        "offset": [
                            0,
                            -2,
                            0
                        ]
                    },
                    {
                        "type": "minecraft:any_of",
                        "predicates": [
                            {
                                "type": "minecraft:matching_blocks",
                                "blocks": [
                                    "minecraft:lava"
                                ],
                                "offset": [
                                    1,
                                    -1,
                                    0
                                ]
                            },
                            {
                                "type": "minecraft:matching_blocks",
                                "blocks": [
                                    "minecraft:lava"
                                ],
                                "offset": [
                                    0,
                                    -1,
                                    1
                                ]
                            },
                            {
                                "type": "minecraft:matching_blocks",
                                "blocks": [
                                    "minecraft:lava"
                                ],
                                "offset": [
                                    -1,
                                    -1,
                                    0
                                ]
                            },
                            {
                                "type": "minecraft:matching_blocks",
                                "blocks": [
                                    "minecraft:lava"
                                ],
                                "offset": [
                                    0,
                                    -1,
                                    -1
                                ]
                            }
                        ]
                    }
                ]
            }
        }
    ]
}