{
  "type": "minecraft:cache_once",
  "argument": {
    "type": "minecraft:flat_cache",
    "argument": {
      "type": "minecraft:spline",
      "spline": {
        "coordinate": "skylands_over_the_sea:continents/vanilla",
        "points": [
          {
            "location": -1.5,
            "derivative": 0,
            "value": -1.5
          },
          {
            "location": -1.05,
            "derivative": 0,
            "value": -1.05
          },
          {
            "location": -1.05,
            "derivative": 0,
            "value": -0.05
          },
          {
            "location": -0.5,
            "derivative": 0,
            "value": 0.25
          },
          {
            "location": 0.25,
            "derivative": 0,
            "value": 0.5
          },
          {
            "location": 0.75,
            "derivative": 0,
            "value": 0.75
          },
          {
            "location": 1.5,
            "derivative": 0,
            "value": 1.5
          }
        ]
      }
    }
  }
}
