{
    "type": "minecraft:tree",
    "config": {
        "decorators": [
            {
                "type": "minecraft:leave_vine",
                "probability": 0.25
            }
        ],
        "dirt_provider": {
            "type": "minecraft:simple_state_provider",
            "state": {
                "Name": "minecraft:dirt"
            }
        },
        "foliage_placer": {
            "type": "minecraft:pine_foliage_placer",
            "height": 3,
            "offset": {
                "type": "minecraft:uniform",
                "min_inclusive": 2,
                "max_inclusive": 2
            },
            "radius": {
                "type": "minecraft:uniform",
                "min_inclusive": 2,
                "max_inclusive": 2
            }
        },
        "foliage_provider": {
            "type": "minecraft:weighted_state_provider",
            "entries": [
                {
                    "data": {
                        "Name": "minecraft:jungle_leaves",
                        "Properties": {
                            "distance": "7",
                            "persistent": "false",
                            "waterlogged": "false"
                        }
                    },
                    "weight": 2
                },
                {
                    "data": {
                        "Name": "minecraft:air"
                    },
                    "weight": 1
                }
            ]
        },
        "force_dirt": false,
        "ignore_vines": true,
        "minimum_size": {
            "type": "minecraft:two_layers_feature_size"
        },
        "trunk_placer": {
            "type": "minecraft:bending_trunk_placer",
            "base_height": 7,
            "bend_length": {
                "type": "minecraft:uniform",
                "min_inclusive": 1,
                "max_inclusive": 7
            },
            "height_rand_a": 16,
            "height_rand_b": 9,
            "min_height_for_leaves": 100
        },
        "trunk_provider": {
            "type": "minecraft:simple_state_provider",
            "state": {
                "Name": "minecraft:jungle_wood",
                "Properties": {
                    "axis": "y"
                }
            }
        }
    }
}