{
  "feature": "terralith:highlands/lake",
  "placement": [
    {
      "type": "minecraft:rarity_filter",
      "chance": 19
    },
    {
      "type": "minecraft:in_square"
    },
    {
      "type": "minecraft:heightmap",
      "heightmap": "MOTION_BLOCKING"
    },
    {
      "type": "minecraft:block_predicate_filter",
      "predicate": {
        "type": "minecraft:all_of",
        "predicates": [
          {
            "type": "minecraft:matching_blocks",
            "blocks": [
              "minecraft:air",
              "minecraft:short_grass",
              "minecraft:fern"
            ],
            "offset": [
              0,
              0,
              0
            ]
          },
          {
            "type": "minecraft:matching_blocks",
            "blocks": [
              "minecraft:air",
              "minecraft:short_grass",
              "minecraft:fern"
            ],
            "offset": [
              1,
              0,
              0
            ]
          },
          {
            "type": "minecraft:matching_blocks",
            "blocks": [
              "minecraft:air",
              "minecraft:short_grass",
              "minecraft:fern"
            ],
            "offset": [
              2,
              0,
              0
            ]
          },
          {
            "type": "minecraft:matching_blocks",
            "blocks": [
              "minecraft:air",
              "minecraft:short_grass",
              "minecraft:fern"
            ],
            "offset": [
              0,
              0,
              1
            ]
          },
          {
            "type": "minecraft:matching_blocks",
            "blocks": [
              "minecraft:air",
              "minecraft:short_grass",
              "minecraft:fern"
            ],
            "offset": [
              0,
              0,
              2
            ]
          },
          {
            "type": "minecraft:matching_blocks",
            "blocks": [
              "minecraft:air",
              "minecraft:short_grass",
              "minecraft:fern"
            ],
            "offset": [
              -1,
              0,
              0
            ]
          },
          {
            "type": "minecraft:matching_blocks",
            "blocks": [
              "minecraft:air",
              "minecraft:short_grass",
              "minecraft:fern"
            ],
            "offset": [
              -2,
              0,
              0
            ]
          },
          {
            "type": "minecraft:matching_blocks",
            "blocks": [
              "minecraft:air",
              "minecraft:short_grass",
              "minecraft:fern"
            ],
            "offset": [
              0,
              0,
              -1
            ]
          },
          {
            "type": "minecraft:matching_blocks",
            "blocks": [
              "minecraft:air",
              "minecraft:short_grass",
              "minecraft:fern"
            ],
            "offset": [
              0,
              0,
              -2
            ]
          }
        ]
      }
    },
    {
      "type": "minecraft:biome"
    }
  ]
}