{
    "feature": {
        "type": "minecraft:geode",
        "config": {
            "blocks": {
                "alternate_inner_layer_provider": {
                    "type": "minecraft:weighted_state_provider",
                    "entries": [
                        {
                            "data": {
                                "Name": "minecraft:andesite"
                            },
                            "weight": 2
                        }
                    ]
                },
                "cannot_replace": "#minecraft:features_cannot_replace",
                "filling_provider": {
                    "type": "minecraft:weighted_state_provider",
                    "entries": [
                        {
                            "data": {
                                "Name": "minecraft:andesite"
                            },
                            "weight": 2
                        }
                    ]
                },
                "inner_layer_provider": {
                    "type": "minecraft:weighted_state_provider",
                    "entries": [
                        {
                            "data": {
                                "Name": "minecraft:andesite"
                            },
                            "weight": 2
                        }
                    ]
                },
                "inner_placements": [
                    {
                        "Name": "minecraft:andesite"
                    }
                ],
                "invalid_blocks": "#terralith:calcite",
                "middle_layer_provider": {
                    "type": "minecraft:weighted_state_provider",
                    "entries": [
                        {
                            "data": {
                                "Name": "minecraft:andesite"
                            },
                            "weight": 2
                        }
                    ]
                },
                "outer_layer_provider": {
                    "type": "minecraft:weighted_state_provider",
                    "entries": [
                        {
                            "data": {
                                "Name": "minecraft:andesite"
                            },
                            "weight": 2
                        }
                    ]
                }
            },
            "crack": {
                "base_crack_size": 0,
                "crack_point_offset": 0,
                "generate_crack_chance": 0
            },
            "distribution_points": {
                "type": "minecraft:biased_to_bottom",
                "min_inclusive": 2,
                "max_inclusive": 3
            },
            "invalid_blocks_threshold": 1,
            "layers": {
                "filling": 0.5,
                "inner_layer": 1,
                "middle_layer": 1.15,
                "outer_layer": 1.85
            },
            "max_gen_offset": 12,
            "min_gen_offset": -12,
            "noise_multiplier": 0.08,
            "outer_wall_distance": {
                "type": "minecraft:uniform",
                "min_inclusive": 2,
                "max_inclusive": 5
            },
            "placements_require_layer0_alternate": false,
            "point_offset": {
                "type": "minecraft:biased_to_bottom",
                "min_inclusive": 1,
                "max_inclusive": 4
            },
            "use_alternate_layer0_chance": 0,
            "use_potential_placements_chance": 0
        }
    },
    "placement": [
        {
            "type": "minecraft:rarity_filter",
            "chance": 4
        },
        {
            "type": "minecraft:in_square"
        },
        {
            "type": "minecraft:height_range",
            "height": {
                "type": "minecraft:uniform",
                "min_inclusive": {
                    "absolute": -64
                },
                "max_inclusive": {
                    "absolute": 96
                }
            }
        },
        {
            "type": "minecraft:environment_scan",
            "direction_of_search": "up",
            "max_steps": 32,
            "target_condition": {
                "type": "minecraft:all_of",
                "predicates": [
                    {
                        "type": "minecraft:matching_blocks",
                        "blocks": [
                            "minecraft:andesite"
                        ],
                        "offset": [
                            0,
                            1,
                            0
                        ]
                    },
                    {
                        "type": "minecraft:matching_blocks",
                        "blocks": [
                            "minecraft:air",
                            "minecraft:cave_air"
                        ],
                        "offset": [
                            0,
                            0,
                            0
                        ]
                    }
                ]
            }
        },
        {
            "type": "minecraft:biome"
        },
        {
            "type": "minecraft:heightmap",
            "heightmap": "WORLD_SURFACE_WG"
        },
        {
            "type": "minecraft:environment_scan",
            "direction_of_search": "down",
            "max_steps": 6,
            "target_condition": {
                "type": "minecraft:all_of",
                "predicates": [
                    {
                        "type": "minecraft:matching_blocks",
                        "blocks": [
                            "minecraft:grass_block",
                            "sand"
                        ],
                        "offset": [
                            0,
                            3,
                            0
                        ]
                    },
                    {
                        "type": "minecraft:matching_blocks",
                        "blocks": [
                            "minecraft:dirt",
                            "sand",
                            "stone"
                        ],
                        "offset": [
                            0,
                            2,
                            0
                        ]
                    },
                    {
                        "type": "minecraft:matching_blocks",
                        "blocks": [
                            "minecraft:dirt",
                            "sand",
                            "stone"
                        ],
                        "offset": [
                            0,
                            1,
                            0
                        ]
                    }
                ]
            }
        }
    ]
}