{
  "credit": "Made with Blockbench",
  "parent": "builtin/entity",
  "texture_size": [
    128,
    128
  ],
  "display": {
    "thirdperson_righthand": {
      "translation": [
        0,
        -13.75,
        -5.25
      ],
      "scale": [
        0.66,
        0.66,
        0.66
      ]
    },
    "thirdperson_lefthand": {
      "translation": [
        0,
        -13.75,
        -5.25
      ],
      "scale": [
        0.66,
        0.66,
        0.66
      ]
    },
    "firstperson_righthand": {
      "translation": [
        3.25,
        -9.75,
        -10.5
      ]
    },
    "firstperson_lefthand": {
      "translation": [
        3.25,
        -9.75,
        -10.5
      ]
    },
    "ground": {
      "translation": [
        0,
        2,
        0
      ],
      "scale": [
        0.37,
        0.37,
        0.37
      ]
    },
    "gui": {
      "rotation": [
        30,
        225,
        0
      ],
      "translation": [
        2.75,
        -5.75,
        0
      ],
      "scale": [
        0.625,
        0.625,
        0.625
      ]
    },
    "head": {
      "translation": [
        3.25,
        -9.75,
        -10.5
      ]
    },
    "fixed": {
      "scale": [
        0.5,
        0.5,
        0.5
      ]
    }
  }
}