{
  "credit": "Made with Blockbench",
  "parent": "builtin/entity",
  "display": {
    "thirdperson_righthand": {
      "rotation": [
        0,
        -90,
        0
      ],
      "translation": [
        0,
        -2.5,
        0
      ],
      "scale": [
        0.55,
        0.55,
        0.55
      ]
    },
    "thirdperson_lefthand": {
      "rotation": [
        0,
        -90,
        0
      ],
      "translation": [
        0,
        -2.5,
        0
      ],
      "scale": [
        0.55,
        0.55,
        0.55
      ]
    },
    "firstperson_righthand": {
      "rotation": [
        0,
        -90,
        0
      ],
      "translation": [
        -5,
        0,
        0
      ],
      "scale": [
        0.55,
        0.55,
        0.55
      ]
    },
    "firstperson_lefthand": {
      "rotation": [
        0,
        -90,
        0
      ],
      "translation": [
        -5,
        0,
        0
      ],
      "scale": [
        0.55,
        0.55,
        0.55
      ]
    },
    "gui": {
      "rotation": [
        30,
        225,
        0
      ],
      "translation": [
        0,
        -1.5,
        0
      ],
      "scale": [
        0.5,
        0.5,
        0.5
      ]
    },
  "ground": {
    "scale": [
      0.4,
      0.4,
      0.4
      ]
    }
  }
}