{
  "credit": "Made with Blockbench",
  "parent": "builtin/entity",
  "display": {
    "thirdperson_righthand": {
      "rotation": [
        0,
        -90,
        0
      ],
      "translation": [
        0,
        -6,
        0
      ],
      "scale": [
        1.58,
        1.58,
        1.58
      ]
    },
    "thirdperson_lefthand": {
      "rotation": [
        0,
        -90,
        0
      ],
      "translation": [
        0,
        -6,
        0
      ],
      "scale": [
        1.58,
        1.58,
        1.58
      ]
    },
    "firstperson_righthand": {
      "rotation": [
        0,
        -90,
        0
      ],
      "translation": [
        0,
        -2,
        0
      ],
      "scale": [
        1.58,
        1.58,
        1.58
      ]
    },
    "firstperson_lefthand": {
      "rotation": [
        0,
        -90,
        0
      ],
      "translation": [
        0,
        -2,
        0
      ],
      "scale": [
        1.58,
        1.58,
        1.58
      ]
    },
    "gui": {
      "rotation": [
        30,
        225,
        0
      ],
      "translation": [
        0,
        -5,
        0
      ],
      "scale": [
        1.5,
        1.5,
        1.5
      ]
    },
    "ground": {
      "translation": [
        0,
        -3,
        0
      ]
    }
  }
}