{
  "type": "embers:melting",
  "bonus": {
    "amount": 90,
    "fluid": "tconstruct:molten_gold"
  },
  "conditions": [
    {
      "type": "forge:and",
      "values": [
        {
          "type": "forge:not",
          "value": {
            "type": "forge:tag_empty",
            "tag": "forge:storage_blocks/raw_copper"
          }
        }
      ]
    }
  ],
  "input": {
    "tag": "forge:storage_blocks/raw_copper"
  },
  "output": {
    "amount": 1080,
    "fluid": "tconstruct:molten_copper"
  }
}