{
  "parent": "scguns:main/ocean/marlin",
  "criteria": {
    "bomb_lance": {
      "conditions": {
        "items": [
          {
            "items": [
              "scguns:bomb_lance"
            ]
          }
        ]
      },
      "trigger": "minecraft:inventory_changed"
    }
  },
  "display": {
    "announce_to_chat": false,
    "description": {
      "translate": "scguns.advancement.bomb_lance.desc"
    },
    "frame": "task",
    "hidden": false,
    "icon": {
      "item": "scguns:bomb_lance"
    },
    "show_toast": true,
    "title": {
      "translate": "scguns.advancement.bomb_lance"
    }
  },
  "requirements": [
    [
      "bomb_lance"
    ]
  ],
  "sends_telemetry_event": true
}