{
  "parent": "scguns:main/treated_brass/gale",
  "criteria": {
    "jackhammer": {
      "conditions": {
        "items": [
          {
            "items": [
              "scguns:jackhammer"
            ]
          }
        ]
      },
      "trigger": "minecraft:inventory_changed"
    }
  },
  "display": {
    "announce_to_chat": false,
    "description": {
      "translate": "scguns.advancement.jackhammer.desc"
    },
    "frame": "task",
    "hidden": false,
    "icon": {
      "item": "scguns:jackhammer"
    },
    "show_toast": true,
    "title": {
      "translate": "scguns.advancement.jackhammer"
    }
  },
  "requirements": [
    [
      "jackhammer"
    ]
  ],
  "sends_telemetry_event": true
}