{
  "feature": "tfmg:striated_ores_overworld",
  "placement": [
    {
      "type": "minecraft:rarity_filter",
      "chance": 10
    },
    {
      "type": "minecraft:in_square"
    },
    {
      "type": "minecraft:height_range",
      "height": {
        "type": "minecraft:trapezoid",
        "max_inclusive": {
          "absolute": 32
        },
        "min_inclusive": {
          "absolute": 48
        }
      }
    },
    {
      "type": "create:config_filter"
    }
  ]
}