{
    "feature": {
        "type": "minecraft:vegetation_patch",
        "config": {
            "depth": {
                "type": "minecraft:uniform",
                "min_inclusive": 6,
                "max_inclusive": 8
            },
            "extra_bottom_block_chance": 0,
            "extra_edge_column_chance": 0.5,
            "ground_state": {
                "type": "minecraft:simple_state_provider",
                "state": {
                    "Name": "minecraft:sandstone"
                }
            },
            "replaceable": "#terralith:sandy_blocks",
            "surface": "floor",
            "vegetation_chance": 0,
            "vegetation_feature": "terralith:nothing",
            "vertical_range": 7,
            "xz_radius": {
                "type": "minecraft:uniform",
                "min_inclusive": 3,
                "max_inclusive": 5
            }
        }
    },
    "placement": [
        {
            "type": "minecraft:count",
            "count": 5
        },
        {
            "type": "minecraft:count",
            "count": 256
        },
        {
            "type": "minecraft:in_square"
        },
        {
            "type": "minecraft:heightmap",
            "heightmap": "WORLD_SURFACE_WG"
        },
        {
            "type": "minecraft:block_predicate_filter",
            "predicate": {
                "type": "minecraft:all_of",
                "predicates": [
                    {
                        "type": "minecraft:matching_blocks",
                        "blocks": [
                            "minecraft:sand",
                            "minecraft:sandstone",
                            "minecraft:smooth_sandstone"
                        ],
                        "offset": [
                            0,
                            -1,
                            0
                        ]
                    },
                    {
                        "type": "minecraft:all_of",
                        "predicates": [
                            {
                                "type": "minecraft:matching_blocks",
                                "blocks": [
                                    "minecraft:air"
                                ],
                                "offset": [
                                    2,
                                    -2,
                                    0
                                ]
                            },
                            {
                                "type": "minecraft:matching_blocks",
                                "blocks": [
                                    "minecraft:air"
                                ],
                                "offset": [
                                    0,
                                    -2,
                                    2
                                ]
                            },
                            {
                                "type": "minecraft:matching_blocks",
                                "blocks": [
                                    "minecraft:air"
                                ],
                                "offset": [
                                    -2,
                                    -2,
                                    0
                                ]
                            },
                            {
                                "type": "minecraft:matching_blocks",
                                "blocks": [
                                    "minecraft:air"
                                ],
                                "offset": [
                                    0,
                                    -2,
                                    -3
                                ]
                            },
                            {
                                "type": "minecraft:matching_blocks",
                                "blocks": [
                                    "minecraft:air"
                                ],
                                "offset": [
                                    3,
                                    -2,
                                    0
                                ]
                            },
                            {
                                "type": "minecraft:matching_blocks",
                                "blocks": [
                                    "minecraft:air"
                                ],
                                "offset": [
                                    0,
                                    -2,
                                    3
                                ]
                            },
                            {
                                "type": "minecraft:matching_blocks",
                                "blocks": [
                                    "minecraft:air"
                                ],
                                "offset": [
                                    -3,
                                    -2,
                                    0
                                ]
                            },
                            {
                                "type": "minecraft:matching_blocks",
                                "blocks": [
                                    "minecraft:air"
                                ],
                                "offset": [
                                    0,
                                    -2,
                                    -3
                                ]
                            }
                        ]
                    },
                    {
                        "type": "minecraft:all_of",
                        "predicates": [
                            {
                                "type": "minecraft:matching_blocks",
                                "blocks": [
                                    "minecraft:air"
                                ],
                                "offset": [
                                    3,
                                    0,
                                    0
                                ]
                            },
                            {
                                "type": "minecraft:matching_blocks",
                                "blocks": [
                                    "minecraft:air"
                                ],
                                "offset": [
                                    0,
                                    0,
                                    3
                                ]
                            },
                            {
                                "type": "minecraft:matching_blocks",
                                "blocks": [
                                    "minecraft:air"
                                ],
                                "offset": [
                                    -3,
                                    0,
                                    0
                                ]
                            },
                            {
                                "type": "minecraft:matching_blocks",
                                "blocks": [
                                    "minecraft:air"
                                ],
                                "offset": [
                                    0,
                                    0,
                                    -3
                                ]
                            }
                        ]
                    }
                ]
            }
        }
    ]
}