{
    "terralith:fortified_desert_village": {
        "item": "minecraft:sandstone_stairs"
    },
    "terralith:fortified_village": {
        "item": "minecraft:stone_brick_stairs"
    },
    "terralith:glacial_hut": {
        "item": "minecraft:candle"
    },
    "terralith:spire": {
        "item": "minecraft:blue_ice"
    },
    "terralith:witch_hut": {
        "item": "minecraft:brown_mushroom"
    },
    "terralith:mage_tower": {
        "item": "minecraft:medium_amethyst_bud"
    },
    "terralith:mage_complex": {
        "item": "minecraft:large_amethyst_bud"
    },
    "terralith:mage_tower_autumn": {
        "item": "minecraft:lantern"
    },
    "terralith:mage_tower_spring": {
        "item": "minecraft:cherry_leaves"
    },
    "terralith:mage_tower_summer": {
        "item": "minecraft:torchflower"
    },
    "terralith:mage_tower_winter": {
        "item": "minecraft:snow_block"
    },
    "terralith:igloo": {
        "item": "minecraft:blue_ice"
    },
    "terralith:rubble_forest": {
        "item": "minecraft:shelter_pottery_sherd"
    },
    "terralith:rubble_taiga": {
        "item": "minecraft:howl_pottery_sherd"
    },
    "terralith:rubble_mountain": {
        "item": "minecraft:miner_pottery_sherd"
    },
    "terralith:rubble_mesa": {
        "item": "minecraft:plenty_pottery_sherd"
    },
    "terralith:rubble_jungle": {
        "item": "minecraft:danger_pottery_sherd"
    },
    "terralith:rubble_desert": {
        "item": "minecraft:skull_pottery_sherd"
    },
    "terralith:underground/frosted_dungeon": {
        "item": "minecraft:polished_deepslate"
    },
    "terralith:underground/giant_bee_hive": {
        "item": "minecraft:honeycomb_block"
    },
    "terralith:underground/mining_outpost": {
        "item": "minecraft:iron_pickaxe"
    },
    "terralith:underground/oak_cabin": {
        "item": "minecraft:moss_block"
    },
    "terralith:underground/old_refinery": {
        "item": "minecraft:iron_ore"
    },
    "terralith:underground/sunken_tower": {
        "item": "minecraft:stripped_spruce_log"
    },
    "terralith:underground/witch_hut": {
        "item": "minecraft:brown_mushroom"
    },
    "terralith:underground_cabin": {
        "item": "minecraft:moss_block"
    }
}