{
    "feature": "terralith:cliffs/frozen/icicle",
    "placement": [
        {
            "type": "minecraft:count",
            "count": 120
        },
        {
            "type": "minecraft:count",
            "count": 20
        },
        {
            "type": "minecraft:in_square"
        },
        {
            "type": "minecraft:random_offset",
            "xz_spread": {
                "type": "minecraft:clamped_normal",
                "deviation": 0,
                "min_inclusive": -2,
                "max_inclusive": 2,
                "mean": 0
            },
            "y_spread": 0
        },
        {
            "type": "minecraft:height_range",
            "height": {
                "type": "minecraft:uniform",
                "min_inclusive": {
                    "absolute": -64
                },
                "max_inclusive": {
                    "absolute": 180
                }
            }
        },
        {
            "type": "minecraft:environment_scan",
            "allowed_search_condition": {
                "type": "minecraft:matching_blocks",
                "blocks": [
                    "minecraft:air"
                ]
            },
            "direction_of_search": "up",
            "max_steps": 32,
            "target_condition": {
                "type": "minecraft:solid"
            }
        },
        {
            "type": "minecraft:block_predicate_filter",
            "predicate": {
                "type": "minecraft:matching_blocks",
                "blocks": [
                    "minecraft:blue_ice",
                    "minecraft:packed_ice"
                ],
                "offset": [
                    0,
                    1,
                    0
                ]
            }
        },
        {
            "type": "minecraft:biome"
        }
    ]
}