{
    "feature": {
        "type": "minecraft:vegetation_patch",
        "config": {
            "depth": {
                "type": "minecraft:uniform",
                "min_inclusive": 7,
                "max_inclusive": 8
            },
            "extra_bottom_block_chance": 0,
            "extra_edge_column_chance": 0.65,
            "ground_state": {
                "type": "minecraft:simple_state_provider",
                "state": {
                    "Name": "minecraft:blackstone"
                }
            },
            "replaceable": "#terralith:volcano_barrier",
            "surface": "floor",
            "vegetation_chance": 0.03,
            "vegetation_feature": {
                "feature": {
                    "type": "minecraft:ore",
                    "config": {
                        "discard_chance_on_air_exposure": 0,
                        "size": 24,
                        "targets": [
                            {
                                "state": {
                                    "Name": "minecraft:blackstone"
                                },
                                "target": {
                                    "block": "stone",
                                    "predicate_type": "minecraft:block_match"
                                }
                            }
                        ]
                    }
                },
                "placement": [
                    {
                        "type": "minecraft:random_offset",
                        "xz_spread": 0,
                        "y_spread": {
                            "type": "minecraft:uniform",
                            "min_inclusive": -7,
                            "max_inclusive": 0
                        }
                    }
                ]
            },
            "vertical_range": 5,
            "xz_radius": {
                "type": "minecraft:uniform",
                "min_inclusive": 0,
                "max_inclusive": 1
            }
        }
    },
    "placement": [
        {
            "type": "minecraft:count",
            "count": 8
        },
        {
            "type": "minecraft:count",
            "count": 256
        },
        {
            "type": "minecraft:in_square"
        },
        {
            "type": "minecraft:heightmap",
            "heightmap": "WORLD_SURFACE"
        },
        {
            "type": "minecraft:block_predicate_filter",
            "predicate": {
                "type": "minecraft:not",
                "predicate": {
                    "type": "minecraft:any_of",
                    "predicates": [
                        {
                            "type": "minecraft:matching_blocks",
                            "blocks": [
                                "minecraft:lava",
                                "minecraft:water"
                            ],
                            "offset": [
                                0,
                                -1,
                                0
                            ]
                        }
                    ]
                }
            }
        },
        {
            "type": "minecraft:block_predicate_filter",
            "predicate": {
                "type": "minecraft:any_of",
                "predicates": [
                    {
                        "type": "minecraft:matching_fluids",
                        "fluids": [
                            "minecraft:lava",
                            "minecraft:water"
                        ],
                        "offset": [
                            1,
                            -1,
                            0
                        ]
                    },
                    {
                        "type": "minecraft:matching_fluids",
                        "fluids": [
                            "minecraft:lava",
                            "minecraft:water"
                        ],
                        "offset": [
                            0,
                            -1,
                            1
                        ]
                    },
                    {
                        "type": "minecraft:matching_fluids",
                        "fluids": [
                            "minecraft:lava",
                            "minecraft:water"
                        ],
                        "offset": [
                            -1,
                            -1,
                            0
                        ]
                    },
                    {
                        "type": "minecraft:matching_fluids",
                        "fluids": [
                            "minecraft:lava",
                            "minecraft:water"
                        ],
                        "offset": [
                            0,
                            -1,
                            -1
                        ]
                    },
                    {
                        "type": "minecraft:matching_fluids",
                        "fluids": [
                            "minecraft:lava",
                            "minecraft:water"
                        ],
                        "offset": [
                            1,
                            -1,
                            1
                        ]
                    },
                    {
                        "type": "minecraft:matching_fluids",
                        "fluids": [
                            "minecraft:lava",
                            "minecraft:water"
                        ],
                        "offset": [
                            1,
                            -1,
                            -1
                        ]
                    },
                    {
                        "type": "minecraft:matching_fluids",
                        "fluids": [
                            "minecraft:lava",
                            "minecraft:water"
                        ],
                        "offset": [
                            -1,
                            -1,
                            1
                        ]
                    },
                    {
                        "type": "minecraft:matching_fluids",
                        "fluids": [
                            "minecraft:lava",
                            "minecraft:water"
                        ],
                        "offset": [
                            -1,
                            -1,
                            -1
                        ]
                    },
                    {
                        "type": "minecraft:matching_fluids",
                        "fluids": [
                            "minecraft:lava",
                            "minecraft:water"
                        ],
                        "offset": [
                            1,
                            -2,
                            0
                        ]
                    },
                    {
                        "type": "minecraft:matching_fluids",
                        "fluids": [
                            "minecraft:lava",
                            "minecraft:water"
                        ],
                        "offset": [
                            0,
                            -2,
                            1
                        ]
                    },
                    {
                        "type": "minecraft:matching_fluids",
                        "fluids": [
                            "minecraft:lava",
                            "minecraft:water"
                        ],
                        "offset": [
                            -1,
                            -2,
                            0
                        ]
                    },
                    {
                        "type": "minecraft:matching_fluids",
                        "fluids": [
                            "minecraft:lava",
                            "minecraft:water"
                        ],
                        "offset": [
                            0,
                            -2,
                            -1
                        ]
                    },
                    {
                        "type": "minecraft:matching_fluids",
                        "fluids": [
                            "minecraft:lava",
                            "minecraft:water"
                        ],
                        "offset": [
                            1,
                            -2,
                            1
                        ]
                    },
                    {
                        "type": "minecraft:matching_fluids",
                        "fluids": [
                            "minecraft:lava",
                            "minecraft:water"
                        ],
                        "offset": [
                            1,
                            -2,
                            -1
                        ]
                    },
                    {
                        "type": "minecraft:matching_fluids",
                        "fluids": [
                            "minecraft:lava",
                            "minecraft:water"
                        ],
                        "offset": [
                            -1,
                            -2,
                            1
                        ]
                    },
                    {
                        "type": "minecraft:matching_fluids",
                        "fluids": [
                            "minecraft:lava",
                            "minecraft:water"
                        ],
                        "offset": [
                            -1,
                            -2,
                            -1
                        ]
                    }
                ]
            }
        },
        {
            "type": "minecraft:biome"
        }
    ]
}