{
    "type": "minecraft:geode",
    "config": {
        "blocks": {
            "alternate_inner_layer_provider": {
                "type": "minecraft:simple_state_provider",
                "state": {
                    "Name": "minecraft:deepslate_emerald_ore"
                }
            },
            "cannot_replace": "#terralith:stop_emerald_geode",
            "filling_provider": {
                "type": "minecraft:simple_state_provider",
                "state": {
                    "Name": "minecraft:air"
                }
            },
            "inner_layer_provider": {
                "type": "minecraft:simple_state_provider",
                "state": {
                    "Name": "minecraft:cobbled_deepslate"
                }
            },
            "inner_placements": [
                {
                    "Name": "minecraft:deepslate_emerald_ore"
                },
                {
                    "Name": "minecraft:deepslate_emerald_ore"
                },
                {
                    "Name": "minecraft:deepslate_emerald_ore"
                }
            ],
            "invalid_blocks": "#terralith:stop_emerald_geode",
            "middle_layer_provider": {
                "type": "minecraft:simple_state_provider",
                "state": {
                    "Name": "minecraft:calcite"
                }
            },
            "outer_layer_provider": {
                "type": "minecraft:simple_state_provider",
                "state": {
                    "Name": "minecraft:smooth_basalt"
                }
            }
        },
        "crack": {
            "base_crack_size": 2,
            "crack_point_offset": 2,
            "generate_crack_chance": 0.95
        },
        "distribution_points": {
            "type": "minecraft:uniform",
            "min_inclusive": 2,
            "max_inclusive": 4
        },
        "invalid_blocks_threshold": 4,
        "layers": {
            "filling": 1.7,
            "inner_layer": 2.2,
            "middle_layer": 3.2,
            "outer_layer": 4.2
        },
        "max_gen_offset": 16,
        "min_gen_offset": -16,
        "noise_multiplier": 0.05,
        "outer_wall_distance": {
            "type": "minecraft:uniform",
            "min_inclusive": 4,
            "max_inclusive": 6
        },
        "placements_require_layer0_alternate": true,
        "point_offset": {
            "type": "minecraft:uniform",
            "min_inclusive": 1,
            "max_inclusive": 2
        },
        "use_alternate_layer0_chance": 0.15,
        "use_potential_placements_chance": 1
    }
}