{
    "feature": "terralith:highlands/pillar",
    "placement": [
        {
            "type": "minecraft:rarity_filter",
            "chance": 35
        },
        {
            "type": "minecraft:in_square"
        },
        {
            "type": "minecraft:count",
            "count": {
                "type": "minecraft:clamped_normal",
                "deviation": 4,
                "min_inclusive": 5,
                "max_inclusive": 15,
                "mean": 7
            }
        },
        {
            "type": "minecraft:heightmap",
            "heightmap": "WORLD_SURFACE"
        },
        {
            "type": "minecraft:biome"
        }
    ]
}