{
    "type": "minecraft:vegetation_patch",
    "config": {
        "surface": "floor",
        "depth": 1,
        "vertical_range": 2,
        "extra_bottom_block_chance": 0,
        "extra_edge_column_chance": 0.4,
        "vegetation_chance": 0.5,
        "xz_radius": {
            "type": "uniform",
            "min_inclusive": 1,
            "max_inclusive": 3
        },
        "replaceable": "#terralith:underground_jungle_replaceable",
        "ground_state": {
            "type": "simple_state_provider",
            "state": {
                "Name": "minecraft:moss_block"
            }
        },
        "vegetation_feature": {
            "feature": {
                "type": "minecraft:simple_block",
                "config": {
                    "to_place": {
                        "type": "minecraft:simple_state_provider",
                        "state": {
                            "Name": "minecraft:moss_carpet"
                        }
                    }
                }
            },
            "placement": []
        }
    }
}