{
  "type": "simpleclouds:spotted",
  "exist_ticks": {
    "type": "minecraft:biased_to_bottom",
    "value": {
      "max_inclusive": 48000,
      "min_inclusive": 24000
    }
  },
  "grow_ticks": {
    "type": "minecraft:biased_to_bottom",
    "value": {
      "max_inclusive": 6000,
      "min_inclusive": 3000
    }
  },
  "moves_to_player": true,
  "order_weight": 500,
  "radius": {
    "type": "minecraft:biased_to_bottom",
    "value": {
      "max_inclusive": 6000,
      "min_inclusive": 3000
    }
  },
  "speed": {
    "type": "minecraft:uniform",
    "value": {
      "max_exclusive": 0.4,
      "min_inclusive": 0.2
    }
  },
  "stretch_factor": {
    "type": "minecraft:uniform",
    "value": {
      "max_exclusive": 0.4,
      "min_inclusive": 0.2
    }
  },
  "weight": 4
}