{
    "type": "minecraft:crafting_shaped",
    "pattern": [
        "#W#",
        "ICG",
        "#P#"
    ],
    "key": {
        "#": {
            "item": "minecraft:oak_planks"
        },
        "W": {
            "item": "create:wrench"
        },
        "I": {
            "item": "minecraft:iron_block"
        },
        "C": {
            "item": "minecraft:chest"
        },
        "G": {
            "item": "minecraft:gold_block"
        },
        "P": {
            "item": "create:stressometer"
        }
    },
    "result": {
        "item": "trackwork:track_tool_kit",
        "count": 1
    }
}