{
    "feature": {
        "type": "minecraft:vegetation_patch",
        "config": {
            "depth": {
                "type": "minecraft:uniform",
                "min_inclusive": 2,
                "max_inclusive": 3
            },
            "extra_bottom_block_chance": 0.25,
            "extra_edge_column_chance": 0.65,
            "ground_state": {
                "type": "minecraft:noise_provider",
                "noise": {
                    "amplitudes": [
                        1.0,
                        0.5,
                        1.1,
                        1.5,
                        0,
                        1.0
                    ],
                    "firstOctave": -7
                },
                "scale": 1,
                "seed": 152,
                "states": [
                    {
                        "Name": "minecraft:dripstone_block"
                    },
                    {
                        "Name": "minecraft:dripstone_block"
                    },
                    {
                        "Name": "minecraft:dripstone_block"
                    },
                    {
                        "Name": "minecraft:deepslate"
                    },
                    {
                        "Name": "minecraft:deepslate"
                    },
                    {
                        "Name": "minecraft:deepslate"
                    },
                    {
                        "Name": "minecraft:deepslate"
                    },
                    {
                        "Name": "minecraft:dripstone_block"
                    },
                    {
                        "Name": "minecraft:deepslate"
                    },
                    {
                        "Name": "minecraft:deepslate"
                    },
                    {
                        "Name": "minecraft:deepslate"
                    },
                    {
                        "Name": "minecraft:deepslate"
                    },
                    {
                        "Name": "minecraft:deepslate"
                    },
                    {
                        "Name": "minecraft:deepslate"
                    },
                    {
                        "Name": "minecraft:deepslate"
                    },
                    {
                        "Name": "minecraft:deepslate"
                    },
                    {
                        "Name": "minecraft:dripstone_block"
                    },
                    {
                        "Name": "minecraft:deepslate"
                    },
                    {
                        "Name": "minecraft:deepslate"
                    },
                    {
                        "Name": "minecraft:deepslate"
                    },
                    {
                        "Name": "minecraft:deepslate"
                    },
                    {
                        "Name": "minecraft:deepslate"
                    },
                    {
                        "Name": "minecraft:deepslate"
                    },
                    {
                        "Name": "minecraft:deepslate"
                    },
                    {
                        "Name": "minecraft:magma_block"
                    },
                    {
                        "Name": "minecraft:deepslate"
                    },
                    {
                        "Name": "minecraft:deepslate"
                    },
                    {
                        "Name": "minecraft:deepslate"
                    },
                    {
                        "Name": "minecraft:deepslate"
                    },
                    {
                        "Name": "minecraft:deepslate"
                    },
                    {
                        "Name": "minecraft:deepslate"
                    },
                    {
                        "Name": "minecraft:deepslate"
                    },
                    {
                        "Name": "minecraft:dripstone_block"
                    },
                    {
                        "Name": "minecraft:deepslate"
                    },
                    {
                        "Name": "minecraft:deepslate"
                    },
                    {
                        "Name": "minecraft:deepslate"
                    },
                    {
                        "Name": "minecraft:deepslate"
                    },
                    {
                        "Name": "minecraft:deepslate"
                    },
                    {
                        "Name": "minecraft:deepslate"
                    },
                    {
                        "Name": "minecraft:deepslate"
                    },
                    {
                        "Name": "minecraft:deepslate"
                    },
                    {
                        "Name": "minecraft:dripstone_block"
                    },
                    {
                        "Name": "minecraft:deepslate"
                    },
                    {
                        "Name": "minecraft:deepslate"
                    },
                    {
                        "Name": "minecraft:deepslate"
                    },
                    {
                        "Name": "minecraft:deepslate"
                    },
                    {
                        "Name": "minecraft:dripstone_block"
                    },
                    {
                        "Name": "minecraft:dripstone_block"
                    },
                    {
                        "Name": "minecraft:dripstone_block"
                    }
                ]
            },
            "replaceable": "#terralith:deepslate",
            "surface": "ceiling",
            "vegetation_chance": 0,
            "vegetation_feature": "terralith:nothing",
            "vertical_range": 2,
            "xz_radius": {
                "type": "minecraft:uniform",
                "min_inclusive": 2,
                "max_inclusive": 3
            }
        }
    },
    "placement": [
        {
            "type": "minecraft:count",
            "count": 2
        },
        {
            "type": "minecraft:count",
            "count": 256
        },
        {
            "type": "minecraft:in_square"
        },
        {
            "type": "minecraft:height_range",
            "height": {
                "type": "minecraft:uniform",
                "min_inclusive": {
                    "absolute": -64
                },
                "max_inclusive": {
                    "absolute": 192
                }
            }
        },
        {
            "type": "minecraft:environment_scan",
            "direction_of_search": "up",
            "max_steps": 32,
            "target_condition": {
                "type": "minecraft:has_sturdy_face",
                "direction": "down",
                "offset": [
                    0,
                    1,
                    0
                ]
            }
        },
        {
            "type": "minecraft:biome"
        }
    ]
}