{
    "feature": {
        "type": "minecraft:vegetation_patch",
        "config": {
            "depth": {
                "type": "minecraft:uniform",
                "min_inclusive": 2,
                "max_inclusive": 3
            },
            "extra_bottom_block_chance": 0.25,
            "extra_edge_column_chance": 0.65,
            "ground_state": {
                "type": "minecraft:noise_provider",
                "noise": {
                    "amplitudes": [
                        1.0,
                        0.5,
                        1.0,
                        1.75
                    ],
                    "firstOctave": -4
                },
                "scale": 1,
                "seed": 69696969,
                "states": [
                    {
                        "Name": "minecraft:stone"
                    },
                    {
                        "Name": "minecraft:stone"
                    },
                    {
                        "Name": "minecraft:stone"
                    },
                    {
                        "Name": "minecraft:stone"
                    },
                    {
                        "Name": "minecraft:stone"
                    },
                    {
                        "Name": "minecraft:stone"
                    },
                    {
                        "Name": "minecraft:stone"
                    },
                    {
                        "Name": "minecraft:stone"
                    },
                    {
                        "Name": "minecraft:stone"
                    },
                    {
                        "Name": "minecraft:stone"
                    },
                    {
                        "Name": "minecraft:clay"
                    },
                    {
                        "Name": "minecraft:clay"
                    },
                    {
                        "Name": "minecraft:clay"
                    },
                    {
                        "Name": "minecraft:clay"
                    },
                    {
                        "Name": "minecraft:clay"
                    }
                ]
            },
            "replaceable": "#terralith:stone",
            "surface": "floor",
            "vegetation_chance": 0,
            "vegetation_feature": "terralith:nothing",
            "vertical_range": 2,
            "xz_radius": {
                "type": "minecraft:uniform",
                "min_inclusive": 2,
                "max_inclusive": 3
            }
        }
    },
    "placement": [
        {
            "type": "minecraft:count_on_every_layer",
            "count": 10
        },
        {
            "type": "minecraft:biome"
        }
    ]
}