{
  "ANTIQUE": [
    "scguns:musket",
    "scguns:flintlock_pistol",
    "scguns:handcannon",
    "scguns:blunderbuss",
    "scguns:doublet",
    "scguns:repeating_musket",
    "scguns:longarm"
  ],
  "FRONTIER": [
    "scguns:pax",
    "scguns:winnie",
    "scguns:winnie_millend",
    "scguns:callwell",
    "scguns:callwell_conversion",
    "scguns:saketini"
  ],
  "COPPER": [
    "scguns:scrapper",
    "scguns:rusty_gnat",
    "scguns:makeshift_rifle",
    "scguns:boomstick",
    "scguns:bruiser",
    "scguns:llr_director",
    "scguns:birdfeeder"
  ],
  "IRON": [
    "scguns:defender_pistol",
    "scguns:trenchur",
    "scguns:greaser_smg",
    "scguns:m3_carabine",
    "scguns:combat_shotgun",
    "scguns:gyrojet_pistol"
  ],
  "WRECKER": [
  ],
  "OCEAN": [
  ],
  "DIAMOND_STEEL": [
    "scguns:krauser",
    "scguns:soul_drummer",
    "scguns:micina",
    "scguns:valora",
    "scguns:prush_gun",
    "scguns:drill",
    "scguns:drill_conversion",
    "scguns:lockewood"
  ],
  "TREATED_BRASS": [
    "scguns:m22_waltz",
    "scguns:grandle_og",
    "scguns:grandle",
    "scguns:cogloader",
    "scguns:jackhammer",
    "scguns:niami"
  ],
  "PIGLIN": [
  ],
  "DEEP_DARK": [
  ],
  "END": [
  ],
  "SCORCHED": [
  ]
}