{
  "type": "minecraft:block",
  "pools": [
    {
      "rolls": 1,
      "entries": [
        {
          "type": "minecraft:alternatives",
          "children": [
            {
              "type": "minecraft:item",
              "conditions": [
                {
                  "condition": "minecraft:block_state_property",
                  "block": "scguns:niter",
                  "properties": {
                    "layers": "1"
                  }
                }
              ],
              "functions": [
                {
                  "function": "minecraft:set_count",
                  "count": 1
                }
              ],
              "name": "scguns:niter_dust"
            },
            {
              "type": "minecraft:item",
              "conditions": [
                {
                  "condition": "minecraft:block_state_property",
                  "block": "scguns:niter",
                  "properties": {
                    "layers": "2"
                  }
                }
              ],
              "functions": [
                {
                  "function": "minecraft:set_count",
                  "count": 2
                }
              ],
              "name": "scguns:niter_dust"
            },
            {
              "type": "minecraft:item",
              "conditions": [
                {
                  "condition": "minecraft:block_state_property",
                  "block": "scguns:niter",
                  "properties": {
                    "layers": "3"
                  }
                }
              ],
              "functions": [
                {
                  "function": "minecraft:set_count",
                  "count": 3
                }
              ],
              "name": "scguns:niter_dust"
            },
            {
              "type": "minecraft:item",
              "conditions": [
                {
                  "condition": "minecraft:block_state_property",
                  "block": "scguns:niter",
                  "properties": {
                    "layers": "4"
                  }
                }
              ],
              "functions": [
                {
                  "function": "minecraft:set_count",
                  "count": 4
                }
              ],
              "name": "scguns:niter_dust"
            },
            {
              "type": "minecraft:item",
              "conditions": [
                {
                  "condition": "minecraft:block_state_property",
                  "block": "scguns:niter",
                  "properties": {
                    "layers": "5"
                  }
                }
              ],
              "functions": [
                {
                  "function": "minecraft:set_count",
                  "count": 5
                }
              ],
              "name": "scguns:niter_dust"
            },
            {
              "type": "minecraft:item",
              "conditions": [
                {
                  "condition": "minecraft:block_state_property",
                  "block": "scguns:niter",
                  "properties": {
                    "layers": "6"
                  }
                }
              ],
              "functions": [
                {
                  "function": "minecraft:set_count",
                  "count": 6
                }
              ],
              "name": "scguns:niter_dust"
            },
            {
              "type": "minecraft:item",
              "conditions": [
                {
                  "condition": "minecraft:block_state_property",
                  "block": "scguns:niter",
                  "properties": {
                    "layers": "7"
                  }
                }
              ],
              "functions": [
                {
                  "function": "minecraft:set_count",
                  "count": 7
                }
              ],
              "name": "scguns:niter_dust"
            },
            {
              "type": "minecraft:item",
              "conditions": [
                {
                  "condition": "minecraft:block_state_property",
                  "block": "scguns:niter",
                  "properties": {
                    "layers": "8"
                  }
                }
              ],
              "functions": [
                {
                  "function": "minecraft:set_count",
                  "count": 8
                }
              ],
              "name": "scguns:niter_dust"
            }
          ]
        }
      ]
    }
  ]
}
