{
    "type": "minecraft:waterlogged_vegetation_patch",
    "config": {
        "depth": 2,
        "extra_bottom_block_chance": 0.1,
        "extra_edge_column_chance": 0.5,
        "ground_state": {
            "type": "minecraft:simple_state_provider",
            "state": {
                "Name": "minecraft:cobbled_deepslate"
            }
        },
        "replaceable": "#terralith:soil_stone",
        "surface": "floor",
        "vegetation_chance": 0.8,
        "vegetation_feature": {
            "feature": {
                "type": "minecraft:scattered_ore",
                "config": {
                    "discard_chance_on_air_exposure": 0,
                    "size": 50,
                    "targets": [
                        {
                            "state": {
                                "Name": "minecraft:cobbled_deepslate"
                            },
                            "target": {
                                "block": "minecraft:dirt",
                                "predicate_type": "minecraft:random_block_match",
                                "probability": 1
                            }
                        },
                        {
                            "state": {
                                "Name": "minecraft:cobbled_deepslate"
                            },
                            "target": {
                                "block": "minecraft:grass_block",
                                "predicate_type": "minecraft:random_block_match",
                                "probability": 1
                            }
                        },
                        {
                            "state": {
                                "Name": "minecraft:cobbled_deepslate"
                            },
                            "target": {
                                "block": "minecraft:tuff",
                                "predicate_type": "minecraft:random_block_match",
                                "probability": 1
                            }
                        }
                    ]
                }
            },
            "placement": []
        },
        "vertical_range": 1,
        "xz_radius": {
            "type": "minecraft:uniform",
            "min_inclusive": 2,
            "max_inclusive": 8
        }
    }
}