{
	"credit": "Made with Blockbench",
	"parent": "block/block",
	"render_type": "cutout_mipped",
	"textures": {
		"0": "create_enchantment_industry:block/disenchanter_side",
		"1": "create_enchantment_industry:block/disenchanter_top",
		"2": "cabin:block/zinc_underside",
		"particle": "create_enchantment_industry:block/disenchanter_side"
	},
	"elements": [
		{
			"from": [0, 0, 0],
			"to": [16, 13, 16],
			"faces": {
				"north": {"uv": [0, 3, 16, 16], "texture": "#0"},
				"east": {"uv": [0, 3, 16, 16], "texture": "#0"},
				"south": {"uv": [0, 3, 16, 16], "texture": "#0"},
				"west": {"uv": [0, 3, 16, 16], "texture": "#0"},
				"up": {"uv": [0, 0, 16, 16], "texture": "#1"},
				"down": {"uv": [0, 0, 16, 16], "texture": "#2"}
			}
		},
		{
			"from": [14, 5, 2],
			"to": [2, 13, 14],
			"rotation": {"angle": 0, "axis": "y", "origin": [14, 5, 2]},
			"faces": {
				"north": {"uv": [2, 3, 14, 11], "texture": "#0"},
				"east": {"uv": [2, 3, 14, 11], "texture": "#0"},
				"south": {"uv": [2, 3, 14, 11], "texture": "#0"},
				"west": {"uv": [2, 3, 14, 11], "texture": "#0"},
				"down": {"uv": [0, 0, 16, 16], "texture": "#2"}
			}
		}
	]
}