{
  "parent": "scguns:main/sulfur_chunk",
  "criteria": {
    "anthralite_ingot": {
      "conditions": {
        "items": [
          {
            "items": [
              "scguns:anthralite_ingot"
            ]
          }
        ]
      },
      "trigger": "minecraft:inventory_changed"
    }
  },
  "display": {
    "announce_to_chat": false,
    "description": {
      "translate": "scguns.advancement.anthralite.desc"
    },
    "frame": "task",
    "hidden": false,
    "icon": {
      "item": "scguns:anthralite_ingot"
    },
    "show_toast": true,
    "title": {
      "translate": "scguns.advancement.anthralite"
    }
  },
  "requirements": [
    [
      "anthralite_ingot"
    ]
  ],
  "sends_telemetry_event": true
}