{
  "parent": "scguns:main/craft_blank_mold",
  "criteria": {
    "large_casing_mold": {
      "conditions": {
        "items": [
          {
            "items": [
              "scguns:large_casing_mold"
            ]
          }
        ]
      },
      "trigger": "minecraft:inventory_changed"
    }
  },
  "display": {
    "announce_to_chat": false,
    "description": {
      "translate": "scguns.advancement.craft_large_casing_mold.desc"
    },
    "frame": "task",
    "hidden": false,
    "icon": {
      "item": "scguns:large_casing_mold"
    },
    "show_toast": true,
    "title": {
      "translate": "scguns.advancement.craft_large_casing_mold"
    }
  },
  "requirements": [
    [
      "large_casing_mold"
    ]
  ],
  "sends_telemetry_event": true
}