{
  "parent": "scguns:main/root",
  "criteria": {
    "stamping_press": {
      "conditions": {
        "items": [
          {
            "items": [
              "scguns:mechanical_press"
            ]
          }
        ]
      },
      "trigger": "minecraft:inventory_changed"
    }
  },
  "display": {
    "announce_to_chat": false,
    "description": {
      "translate": "scguns.advancement.craft_stamping_press.desc"
    },
    "frame": "task",
    "hidden": false,
    "icon": {
      "item": "scguns:mechanical_press"
    },
    "show_toast": true,
    "title": {
      "translate": "scguns.advancement.craft_stamping_press"
    }
  },
  "requirements": [
    [
      "stamping_press"
    ]
  ],
  "sends_telemetry_event": true
}