{
  "parent": "scguns:main/craft_lightning_battery",
  "criteria": {
    "lightning_rod_connector": {
      "conditions": {
        "items": [
          {
            "items": [
              "scguns:lightning_rod_connector"
            ]
          }
        ]
      },
      "trigger": "minecraft:inventory_changed"
    }
  },
  "display": {
    "announce_to_chat": false,
    "description": {
      "translate": "scguns.advancement.craft_lightning_rod_connector.desc"
    },
    "frame": "task",
    "hidden": false,
    "icon": {
      "item": "scguns:lightning_rod_connector"
    },
    "show_toast": true,
    "title": {
      "translate": "scguns.advancement.craft_lightning_rod_connector"
    }
  },
  "requirements": [
    [
      "lightning_rod_connector"
    ]
  ],
  "sends_telemetry_event": true
}