{
  "parent": "scguns:main/craft_macerator",
  "criteria": {
    "sheol": {
      "conditions": {
        "items": [
          {
            "items": [
              "scguns:sheol"
            ]
          }
        ]
      },
      "trigger": "minecraft:inventory_changed"
    }
  },
  "display": {
    "announce_to_chat": false,
    "description": {
      "translate": "scguns.advancement.sheol.desc"
    },
    "frame": "task",
    "hidden": false,
    "icon": {
      "item":  "scguns:sheol"
    },
    "show_toast": true,
    "title": {
      "translate": "scguns.advancement.sheol"
    }
  },
  "requirements": [
    [
      "sheol"
    ]
  ],
  "sends_telemetry_event": true
}