{
    "parent": "minecraft:recipes/root",
    "criteria": {
        "has_redstone": {
            "conditions": {
                "items": [
                    {
                        "items": "minecraft:redstone"
                    }
                ]
            },
            "trigger": "minecraft:inventory_changed"
        },
        "has_the_recipe": {
            "conditions": {
                "recipe": "minecraft:dropper"
            },
            "trigger": "minecraft:recipe_unlocked"
        }
    },
    "requirements": [
        [
            "has_the_recipe",
            "has_redstone"
        ]
    ],
    "rewards": {
        "recipes": [
            "minecraft:dropper",
            "terralith:dropper_alt"
        ]
    }
}