{
    "type": "minecraft:disk",
    "config": {
        "half_height": 4,
        "radius": {
            "type": "minecraft:uniform",
            "min_inclusive": 2,
            "max_inclusive": 4
        },
        "state_provider": {
            "fallback": {
                "type": "minecraft:simple_state_provider",
                "state": {
                    "Name": "minecraft:brown_terracotta"
                }
            },
            "rules": []
        },
        "target": {
            "type": "minecraft:matching_blocks",
            "blocks": [
                "minecraft:podzol",
                "minecraft:coarse_dirt",
                "minecraft:dirt",
                "minecraft:brown_terracotta"
            ]
        }
    }
}