{
    "type": "minecraft:vegetation_patch",
    "config": {
        "depth": {
            "type": "minecraft:biased_to_bottom",
            "min_inclusive": 1,
            "max_inclusive": 2
        },
        "extra_bottom_block_chance": 0,
        "extra_edge_column_chance": 0.5,
        "ground_state": {
            "type": "minecraft:simple_state_provider",
            "state": {
                "Name": "minecraft:snow_block"
            }
        },
        "replaceable": "#minecraft:ice",
        "surface": "floor",
        "vegetation_chance": 1,
        "vegetation_feature": {
            "feature": "terralith:canyon/glacial/snow",
            "placement": []
        },
        "vertical_range": 2,
        "xz_radius": {
            "type": "minecraft:uniform",
            "min_inclusive": 1,
            "max_inclusive": 3
        }
    }
}