{
    "feature": {
        "type": "minecraft:geode",
        "config": {
            "blocks": {
                "alternate_inner_layer_provider": {
                    "type": "minecraft:simple_state_provider",
                    "state": {
                        "Name": "minecraft:stone"
                    }
                },
                "cannot_replace": "#minecraft:features_cannot_replace",
                "filling_provider": {
                    "type": "minecraft:weighted_state_provider",
                    "entries": [
                        {
                            "data": {
                                "Name": "minecraft:copper_ore"
                            },
                            "weight": 1
                        },
                        {
                            "data": {
                                "Name": "minecraft:iron_ore"
                            },
                            "weight": 1
                        },
                        {
                            "data": {
                                "Name": "minecraft:stone"
                            },
                            "weight": 2
                        }
                    ]
                },
                "inner_layer_provider": {
                    "type": "minecraft:noise_provider",
                    "noise": {
                        "amplitudes": [
                            1,
                            1,
                            1.25
                        ],
                        "firstOctave": -5
                    },
                    "scale": 1,
                    "seed": 0,
                    "states": [
                        {
                            "Name": "minecraft:mossy_cobblestone"
                        },
                        {
                            "Name": "minecraft:cobblestone"
                        },
                        {
                            "Name": "minecraft:mossy_cobblestone"
                        },
                        {
                            "Name": "minecraft:cobblestone"
                        },
                        {
                            "Name": "minecraft:mossy_cobblestone"
                        },
                        {
                            "Name": "minecraft:cobblestone"
                        },
                        {
                            "Name": "minecraft:mossy_cobblestone"
                        },
                        {
                            "Name": "minecraft:cobblestone"
                        },
                        {
                            "Name": "minecraft:mossy_cobblestone"
                        },
                        {
                            "Name": "minecraft:cobblestone"
                        },
                        {
                            "Name": "minecraft:mossy_cobblestone"
                        },
                        {
                            "Name": "minecraft:cobblestone"
                        },
                        {
                            "Name": "minecraft:mossy_cobblestone"
                        },
                        {
                            "Name": "minecraft:cobblestone"
                        },
                        {
                            "Name": "minecraft:mossy_cobblestone"
                        },
                        {
                            "Name": "minecraft:cobblestone"
                        },
                        {
                            "Name": "minecraft:mossy_cobblestone"
                        },
                        {
                            "Name": "minecraft:cobblestone"
                        },
                        {
                            "Name": "minecraft:mossy_cobblestone"
                        },
                        {
                            "Name": "minecraft:cobblestone"
                        },
                        {
                            "Name": "minecraft:mossy_cobblestone"
                        },
                        {
                            "Name": "minecraft:cobblestone"
                        },
                        {
                            "Name": "minecraft:mossy_cobblestone"
                        },
                        {
                            "Name": "minecraft:cobblestone"
                        }
                    ]
                },
                "inner_placements": [
                    {
                        "Name": "minecraft:cobblestone"
                    }
                ],
                "invalid_blocks": "#terralith:calcite",
                "middle_layer_provider": {
                    "type": "minecraft:noise_provider",
                    "noise": {
                        "amplitudes": [
                            1,
                            1,
                            1.25
                        ],
                        "firstOctave": -5
                    },
                    "scale": 1,
                    "seed": 0,
                    "states": [
                        {
                            "Name": "minecraft:mossy_cobblestone"
                        },
                        {
                            "Name": "minecraft:cobblestone"
                        },
                        {
                            "Name": "minecraft:mossy_cobblestone"
                        },
                        {
                            "Name": "minecraft:cobblestone"
                        },
                        {
                            "Name": "minecraft:mossy_cobblestone"
                        },
                        {
                            "Name": "minecraft:cobblestone"
                        },
                        {
                            "Name": "minecraft:mossy_cobblestone"
                        },
                        {
                            "Name": "minecraft:cobblestone"
                        },
                        {
                            "Name": "minecraft:mossy_cobblestone"
                        },
                        {
                            "Name": "minecraft:cobblestone"
                        },
                        {
                            "Name": "minecraft:mossy_cobblestone"
                        },
                        {
                            "Name": "minecraft:cobblestone"
                        },
                        {
                            "Name": "minecraft:mossy_cobblestone"
                        },
                        {
                            "Name": "minecraft:cobblestone"
                        },
                        {
                            "Name": "minecraft:mossy_cobblestone"
                        },
                        {
                            "Name": "minecraft:cobblestone"
                        },
                        {
                            "Name": "minecraft:mossy_cobblestone"
                        },
                        {
                            "Name": "minecraft:cobblestone"
                        },
                        {
                            "Name": "minecraft:mossy_cobblestone"
                        },
                        {
                            "Name": "minecraft:cobblestone"
                        },
                        {
                            "Name": "minecraft:mossy_cobblestone"
                        },
                        {
                            "Name": "minecraft:cobblestone"
                        },
                        {
                            "Name": "minecraft:mossy_cobblestone"
                        },
                        {
                            "Name": "minecraft:cobblestone"
                        }
                    ]
                },
                "outer_layer_provider": {
                    "type": "minecraft:noise_provider",
                    "noise": {
                        "amplitudes": [
                            1,
                            1,
                            1.25
                        ],
                        "firstOctave": -5
                    },
                    "scale": 1,
                    "seed": 0,
                    "states": [
                        {
                            "Name": "minecraft:mossy_cobblestone"
                        },
                        {
                            "Name": "minecraft:cobblestone"
                        },
                        {
                            "Name": "minecraft:mossy_cobblestone"
                        },
                        {
                            "Name": "minecraft:cobblestone"
                        },
                        {
                            "Name": "minecraft:mossy_cobblestone"
                        },
                        {
                            "Name": "minecraft:cobblestone"
                        },
                        {
                            "Name": "minecraft:mossy_cobblestone"
                        },
                        {
                            "Name": "minecraft:cobblestone"
                        },
                        {
                            "Name": "minecraft:mossy_cobblestone"
                        },
                        {
                            "Name": "minecraft:cobblestone"
                        },
                        {
                            "Name": "minecraft:mossy_cobblestone"
                        },
                        {
                            "Name": "minecraft:cobblestone"
                        },
                        {
                            "Name": "minecraft:mossy_cobblestone"
                        },
                        {
                            "Name": "minecraft:cobblestone"
                        },
                        {
                            "Name": "minecraft:mossy_cobblestone"
                        },
                        {
                            "Name": "minecraft:cobblestone"
                        },
                        {
                            "Name": "minecraft:mossy_cobblestone"
                        },
                        {
                            "Name": "minecraft:cobblestone"
                        },
                        {
                            "Name": "minecraft:mossy_cobblestone"
                        },
                        {
                            "Name": "minecraft:cobblestone"
                        },
                        {
                            "Name": "minecraft:mossy_cobblestone"
                        },
                        {
                            "Name": "minecraft:cobblestone"
                        },
                        {
                            "Name": "minecraft:mossy_cobblestone"
                        },
                        {
                            "Name": "minecraft:cobblestone"
                        }
                    ]
                }
            },
            "crack": {
                "base_crack_size": 0.5,
                "crack_point_offset": 2,
                "generate_crack_chance": 0.075
            },
            "distribution_points": {
                "type": "minecraft:biased_to_bottom",
                "min_inclusive": 2,
                "max_inclusive": 3
            },
            "invalid_blocks_threshold": 0,
            "layers": {
                "filling": 1,
                "inner_layer": 1.25,
                "middle_layer": 1.5,
                "outer_layer": 2.2
            },
            "max_gen_offset": 12,
            "min_gen_offset": -12,
            "noise_multiplier": 0.07,
            "outer_wall_distance": {
                "type": "minecraft:uniform",
                "min_inclusive": 2,
                "max_inclusive": 4
            },
            "point_offset": {
                "type": "minecraft:uniform",
                "min_inclusive": 1,
                "max_inclusive": 2
            },
            "use_alternate_layer0_chance": 0,
            "use_potential_placements_chance": 0
        }
    },
    "placement": [
        {
            "type": "minecraft:rarity_filter",
            "chance": 2
        },
        {
            "type": "minecraft:in_square"
        },
        {
            "type": "minecraft:heightmap",
            "heightmap": "WORLD_SURFACE_WG"
        },
        {
            "type": "minecraft:environment_scan",
            "allowed_search_condition": {
                "type": "minecraft:true"
            },
            "direction_of_search": "down",
            "max_steps": 6,
            "target_condition": {
                "type": "minecraft:all_of",
                "predicates": [
                    {
                        "type": "minecraft:matching_blocks",
                        "blocks": [
                            "minecraft:grass_block",
                            "minecraft:podzol",
                            "minecraft:coarse_dirt"
                        ],
                        "offset": [
                            0,
                            3,
                            0
                        ]
                    },
                    {
                        "type": "minecraft:matching_blocks",
                        "blocks": [
                            "minecraft:dirt"
                        ],
                        "offset": [
                            0,
                            2,
                            0
                        ]
                    },
                    {
                        "type": "minecraft:matching_blocks",
                        "blocks": [
                            "minecraft:dirt"
                        ],
                        "offset": [
                            0,
                            1,
                            0
                        ]
                    }
                ]
            }
        },
        {
            "type": "minecraft:biome"
        }
    ]
}