{
  "type": "bettercaves:better_cave",
  "config": {
    "cave_layers": [
      {
        "carvers": [
          {
            "spawn_weight": 10,
            "bottom_y": -63,
            "top_y": 42,
            "surface_cutoff_distance": 10,
            "y_compression": 5.0,
            "xz_compression": 1.6,
            "debug_carve_state": {
              "Name": "minecraft:oak_planks"
            },
            "advanced": {
              "noise_threshold": 0.95,
              "fractal_octaves": 1,
              "fractal_gain": 0.3,
              "fractal_frequency": 0.03,
              "num_generators": 2,
              "y_adjust": true,
              "y_adjust_f1": 0.9,
              "y_adjust_f2": 0.9,
              "is_fast_noise": true,
              "noise_type": "CubicFractal"
            }
          },
          {
            "spawn_weight": 5,
            "bottom_y": -63,
            "top_y": 42,
            "surface_cutoff_distance": 10,
            "y_compression": 2.2,
            "xz_compression": 0.9,
            "debug_carve_state": {
              "Name": "minecraft:cobblestone"
            },
            "advanced": {
              "noise_threshold": 0.82,
              "fractal_octaves": 1,
              "fractal_gain": 0.3,
              "fractal_frequency": 0.025,
              "num_generators": 2,
              "y_adjust": true,
              "y_adjust_f1": 0.95,
              "y_adjust_f2": 0.5,
              "is_fast_noise": false,
              "noise_type": "SimplexFractal"
            }
          }
        ],
        "cave_spawn_chance": 100.0,
        "cave_region_size_frequency": 0.008
      }
    ],
    "cavern_layers": [
      {
        "carvers": [
          {
            "spawn_weight": 10,
            "bottom_y": -63,
            "top_y": -18,
            "y_compression": 1.1,
            "xz_compression": 0.6,
            "is_floored": false,
            "debug_carve_state": {
              "Name": "minecraft:redstone_block"
            },
            "advanced": {
              "noise_threshold": 0.6,
              "fractal_octaves": 1,
              "fractal_gain": 0.3,
              "fractal_frequency": 0.03,
              "num_generators": 2,
              "noise_type": "SimplexFractal",
              "is_fast_noise": true
            }
          },
          {
            "spawn_weight": 10,
            "bottom_y": -63,
            "top_y": -28,
            "y_compression": 1.3,
            "xz_compression": 0.7,
            "is_floored": true,
            "debug_carve_state": {
              "Name": "minecraft:gold_block"
            },
            "advanced": {
              "noise_threshold": 0.6,
              "fractal_octaves": 1,
              "fractal_gain": 0.3,
              "fractal_frequency": 0.028,
              "num_generators": 2,
              "noise_type": "SimplexFractal",
              "is_fast_noise": true
            }
          }
        ],
        "cavern_spawn_chance": 23.0,
        "cavern_region_size_frequency": 0.005
      }
    ],
    "misc": {
      "replaceable": "#minecraft:overworld_carver_replaceables",
      "override_surface_detection": false
    },
    "debug_settings": {
      "enabled": false,
      "top_y": 128
    }
  }
}