{
  "noise_settings": [
    {
      "scale_z": 30.0,
      "fade_distance": 10.0,
      "height_offset": 0.0,
      "value_scale": 1.0,
      "height": 32.0,
      "value_offset": 1.0,
      "scale_x": 30.0,
      "scale_y": 30.0
    },
    {
      "scale_z": 200.0,
      "fade_distance": 128.0,
      "height_offset": 0.0,
      "value_scale": 1.0,
      "height": 256.0,
      "value_offset": 1.0,
      "scale_x": 200.0,
      "scale_y": 200.0
    },
    {
      "scale_z": 600.0,
      "fade_distance": 16.0,
      "height_offset": 0.0,
      "value_scale": 0.1,
      "height": 256.0,
      "value_offset": 0.0,
      "scale_x": 600.0,
      "scale_y": 600.0
    }
  ],
  "weather_type": "thunderstorm",
  "storminess": 0.5,
  "storm_start": 16.0,
  "transparency_fade": 0.2,
  "storm_fade_distance": 128.0,
  "transparency_fade": 0.0
}