{
  "noise_settings": [
    {
      "scale_z": 200.0,
      "fade_distance": 10.0,
      "height_offset": 64.0,
      "value_scale": 1.0,
      "height": 64.0,
      "value_offset": -0.1,
      "scale_x": 200.0,
      "scale_y": 80.0
    },
    {
      "scale_z": 60.0,
      "fade_distance": 10.0,
      "height_offset": 64.0,
      "value_scale": 0.2,
      "height": 86.0,
      "value_offset": 0.5,
      "scale_x": 60.0,
      "scale_y": 60.0
    }
  ],
  "weather_type": "rain",
  "storminess": 0.6,
  "storm_start": 64.0,
  "transparency_fade": 0.1,
  "storm_fade_distance": 64.0
}