{
  "noise_settings": [
    {
      "scale_z": 50.0,
      "fade_distance": 8.0,
      "height_offset": 16.0,
      "value_scale": 1.0,
      "height": 32.0,
      "value_offset": -0.5,
      "scale_x": 50.0,
      "scale_y": 100.0
    },
    {
      "scale_z": 32.0,
      "fade_distance": 10.0,
      "height_offset": 16.0,
      "value_scale": 0.5,
      "height": 32.0,
      "value_offset": 0.3,
      "scale_x": 18.0,
      "scale_y": 32.0
    },
    {
      "scale_z": 32.0,
      "fade_distance": 10.0,
      "height_offset": 0.0,
      "value_scale": 1.0,
      "height": 48.0,
      "value_offset": -0.5,
      "scale_x": 48.0,
      "scale_y": 32.0
    }
  ],
  "weather_type": "none",
  "storminess": 0.1,
  "storm_start": 16.0,
  "transparency_fade": 0.2,
  "storm_fade_distance": 32.0
}