{
  "noise_settings": [
    {
      "scale_z": 1.0,
      "fade_distance": 10.0,
      "height_offset": 0.0,
      "value_scale": 1.0,
      "height": 256.0,
      "value_offset": 2.0,
      "scale_x": 1.0,
      "scale_y": 30.0
    },
    {
      "scale_z": 200.0,
      "fade_distance": 10.0,
      "height_offset": 0.0,
      "value_scale": 0.35,
      "height": 256.0,
      "value_offset": -3.0,
      "scale_x": 100.0,
      "scale_y": 100.0
    },
    {
      "scale_z": 30.0,
      "fade_distance": 10.0,
      "height_offset": 0.0,
      "value_scale": 1.0,
      "height": 32.0,
      "value_offset": -0.5,
      "scale_x": 30.0,
      "scale_y": 10.0
    },
    {
      "scale_z": 30.0,
      "fade_distance": 10.0,
      "height_offset": 0.0,
      "value_scale": 1.0,
      "height": 128.0,
      "value_offset": -0.5,
      "scale_x": 30.0,
      "scale_y": 10.0
    }
  ],
  "weather_type": "none",
  "storminess": 0.0,
  "storm_start": 10.0,
  "transparency_fade": 0.5,
  "storm_fade_distance": 128.0,
  "transparency_fade": 0.0
}