{
  "noise_settings": [
    {
      "scale_z": 90.0,
      "fade_distance": 10.0,
      "height_offset": 0.0,
      "value_scale": 1.0,
      "height": 54.0,
      "value_offset": 2.0,
      "scale_x": 25.0,
      "scale_y": 45.0
    },
    {
      "scale_z": 100.0,
      "fade_distance": 32.0,
      "height_offset": 0.0,
      "value_scale": 1.0,
      "height": 190.0,
      "value_offset": 0.0,
      "scale_x": 600.0,
      "scale_y": 400.0
    },
    {
      "scale_z": 10.0,
      "fade_distance": 16.0,
      "height_offset": 0.0,
      "value_scale": 0.1,
      "height": 190.0,
      "value_offset": 0.0,
      "scale_x": 10.0,
      "scale_y": 10.0
    }
  ],
  "weather_type": "none",
  "storminess": 0.2,
  "storm_start": 16.0,
  "transparency_fade": 0.2,
  "storm_fade_distance": 128.0,
  "transparency_fade": 0.0
}