{
  "noise_settings": [
    {
      "scale_z": 200.0,
      "fade_distance": 10.0,
      "height_offset": 0.0,
      "value_scale": 1.0,
      "height": 40.0,
      "value_offset": 1.0,
      "scale_x": 750.0,
      "scale_y": 60.0
    },
    {
      "scale_z": 10.0,
      "fade_distance": 10.0,
      "height_offset": 0.0,
      "value_scale": 0.5,
      "height": 33.0,
      "value_offset": -0.0,
      "scale_x": 10.0,
      "scale_y": 10.0
    },
    {
      "scale_z": 30.0,
      "fade_distance": 10.0,
      "height_offset": 0.0,
      "value_scale": 1.0,
      "height": 96.0,
      "value_offset": 0.1,
      "scale_x": 30.0,
      "scale_y": 15.0
    }
  ],
  "weather_type": "rain",
  "storminess": 0.6,
  "storm_start": 48.0,
  "transparency_fade": 0.1,
  "storm_fade_distance": 32.0
}