{
  "noise_settings": [
    {
      "scale_z": 50.0,
      "fade_distance": 8.0,
      "height_offset": 16.0,
      "value_scale": 1.0,
      "height": 32.0,
      "value_offset": -0.7,
      "scale_x": 25.0,
      "scale_y": 75.0
    },
    {
      "scale_z": 3.0,
      "fade_distance": 20.0,
      "height_offset": 16.0,
      "value_scale": 0.5,
      "height": 32.0,
      "value_offset": -0.0,
      "scale_x": 3.0,
      "scale_y": 3.0
    }
  ],
  "weather_type": "none",
  "storminess": 0.0,
  "transparency_fade": 0.2,
  "storm_start": 16.0,
  "storm_fade_distance": 32.0
}