{
  "noise_settings": [
    {
      "scale_z": 5.0,
      "fade_distance": 8.0,
      "height_offset": 16.0,
      "value_scale": 1.0,
      "height": 32.0,
      "value_offset": -0.5,
      "scale_x": 50.0,
      "scale_y": 5.0
    },
    {
      "scale_z": 70.0,
      "fade_distance": 10.0,
      "height_offset": 16.0,
      "value_scale": 0.5,
      "height": 32.0,
      "value_offset": 0.0,
      "scale_x": 5.0,
      "scale_y": 45.0
    },
    {
      "scale_z": 30.0,
      "fade_distance": 10.0,
      "height_offset": 0.0,
      "value_scale": 0.5,
      "height": 48.0,
      "value_offset": -0.35,
      "scale_x": 5.0,
      "scale_y": 34.0
    }
  ],
  "weather_type": "none",
  "storminess": 0.0,
  "storm_start": 16.0,
  "transparency_fade": 0.2,
  "storm_fade_distance": 16.0,
  "transparency_fade": 0.0
}