{
  "noise_settings": [
    {
      "scale_z": 2.0,
      "fade_distance": 10.0,
      "height_offset": 0.0,
      "value_scale": 1.0,
      "height": 32.0,
      "value_offset": -0.9,
      "scale_x": 4.0,
      "scale_y": 3.0
    },
    {
      "scale_z": 30.0,
      "fade_distance": 10.0,
      "height_offset": 0.0,
      "value_scale": 1.0,
      "height": 32.0,
      "value_offset": -0.5,
      "scale_x": 30.0,
      "scale_y": 10.0
    }
  ],
  "weather_type": "none",
  "storminess": 0.0,
  "transparency_fade": 0.2,
  "storm_start": 16.0,
  "storm_fade_distance": 32.0
}