{
  "noise_settings": [
    {
      "scale_z": 75.0,
      "fade_distance": 10.0,
      "height_offset": 0.0,
      "value_scale": 1.0,
      "height": 32.0,
      "value_offset": 1.0,
      "scale_x": 75.0,
      "scale_y": 75.0
    },
    {
      "scale_z": 100.0,
      "fade_distance": 32.0,
      "height_offset": 0.0,
      "value_scale": 1.0,
      "height": 128.0,
      "value_offset": 0.0,
      "scale_x": 100.0,
      "scale_y": 100.0
    },
    {
      "scale_z": 30.0,
      "fade_distance": 16.0,
      "height_offset": 0.0,
      "value_scale": 0.1,
      "height": 128.0,
      "value_offset": 0.0,
      "scale_x": 30.0,
      "scale_y": 30.0
    }
  ],
  "weather_type": "none",
  "storminess": 0.5,
  "storm_start": 8.0,
  "transparency_fade": 0.2,
  "storm_fade_distance": 128.0
}