{
  "noise_settings": [
    {
      "scale_z": 300.0,
      "fade_distance": 16.0,
      "height_offset": 0.0,
      "value_scale": 1.0,
      "height": 96.0,
      "value_offset": 1.0,
      "scale_x": 300.0,
      "scale_y": 300.0
    },
    {
      "scale_z": 600.0,
      "fade_distance": 16.0,
      "height_offset": 64.0,
      "value_scale": 1.0,
      "height": 64.0,
      "value_offset": 2.0,
      "scale_x": 600.0,
      "scale_y": 600.0
    },
    {
      "scale_z": 50.0,
      "fade_distance": 10.0,
      "height_offset": 0.0,
      "value_scale": 0.3,
      "height": 128.0,
      "value_offset": -0.0,
      "scale_x": 100.0,
      "scale_y": 75.0
    }
  ],
  "weather_type": "thunderstorm",
  "storminess": 1.0,
  "storm_start": 64.0,
  "storm_fade_distance": 64.0
}