{
  "noise_settings": [
    {
      "scale_z": 100.0,
      "fade_distance": 10.0,
      "height_offset": 64.0,
      "value_scale": 1.0,
      "height": 64.0,
      "value_offset": -0.1,
      "scale_x": 100.0,
      "scale_y": 40.0
    },
    {
      "scale_z": 15.0,
      "fade_distance": 10.0,
      "height_offset": 64.0,
      "value_scale": 0.2,
      "height": 64.0,
      "value_offset": -0.0,
      "scale_x": 15.0,
      "scale_y": 15.0
    }
  ],
  "weather_type": "none",
  "storminess": 0.6,
  "storm_start": 64.0,
  "transparency_fade": 0.2,
  "storm_fade_distance": 32.0
}