{
  "noise_settings": [
    {
      "scale_z": 100.0,
      "fade_distance": 10.0,
      "height_offset": 0.0,
      "value_scale": 1.0,
      "height": 64.0,
      "value_offset": -0.5,
      "scale_x": 100.0,
      "scale_y": 10.0
    },
    {
      "scale_z": 75.0,
      "fade_distance": 10.0,
      "height_offset": 0.0,
      "value_scale": 1.0,
      "height": 64.0,
      "value_offset": -0.5,
      "scale_x": 60.0,
      "scale_y": 100.0
    }
  ],
  "weather_type": "none",
  "storminess": 0.1,
  "storm_start": 16.0,
  "transparency_fade": 0.2,
  "storm_fade_distance": 32.0
}