{
  "noise_settings": [
    {
      "scale_z": 64.0,
      "fade_distance": 1.0,
      "height_offset": 0.0,
      "value_scale": 3.0,
      "height": 32.0,
      "value_offset": -0.8,
      "scale_x": 32.0,
      "scale_y": 32.0
    },
    {
      "scale_z": 20.0,
      "fade_distance": 1.0,
      "height_offset": 32.0,
      "value_scale": 1.0,
      "height": 128.0,
      "value_offset": -0.5,
      "scale_x": 30.0,
      "scale_y": 20.0
    },
    {
      "scale_z": 36.0,
      "fade_distance": 16.0,
      "height_offset": 0.0,
      "value_scale": 1.0,
      "height": 256.0,
      "value_offset": -0.7,
      "scale_x": 35.0,
      "scale_y": 90.0
    },
    {
      "scale_z": 300.0,
      "fade_distance": 1.0,
      "height_offset": 0.0,
      "value_scale": 1.0,
      "height": 256.0,
      "value_offset": -0.59,
      "scale_x": 50.0,
      "scale_y": 700.0
    }
  ],
  "weather_type": "none",
  "storminess": 0.0,
  "storm_start": 16.0,
  "transparency_fade": 0.2,
  "storm_fade_distance": 128.0,
  "transparency_fade": 0.0
}