{
  "noise_settings": [
    {
      "scale_z": 32.0,
      "fade_distance": 10.0,
      "height_offset": 0.0,
      "value_scale": 2.0,
      "height": 128.0,
      "value_offset": 1.0,
      "scale_x": 48.0,
      "scale_y": 48.0
    },
    {
      "scale_z": 128.0,
      "fade_distance": 64.0,
      "height_offset": 75.0,
      "value_scale": 2.0,
      "height": 50.0,
      "value_offset": 2.0,
      "scale_x": 256.0,
      "scale_y": 128.0
    },
    {
      "scale_z": 30.0,
      "fade_distance": 10.0,
      "height_offset": 0.0,
      "value_scale": 1.0,
      "height": 256.0,
      "value_offset": 0.7,
      "scale_x": 30.0,
      "scale_y": 50.0
    }
  ],
  "weather_type": "thunderstorm",
  "storminess": 0.769,
  "storm_start": 86.0,
  "storm_fade_distance": 64.0
}