{
  "type": "minecraft:block",
  "pools": [
    {
      "bonus_rolls": 0.0,
      "entries": [
        {
          "type": "minecraft:alternatives",
          "children": [
            {
              "type": "minecraft:item",
              "conditions": [
                {
                  "condition": "minecraft:match_tool",
                  "predicate": {
                    "enchantments": [
                      {
                        "enchantment": "minecraft:silk_touch",
                        "levels": {
                          "min": 1
                        }
                      }
                    ]
                  }
                }
              ],
              "name": "scguns:supply_crate"
            },
            {
              "type": "minecraft:sequence",
              "children": [
                {
                  "type": "minecraft:item",
                  "functions": [
                    {
                      "add": false,
                      "count": {
                        "type": "minecraft:uniform",
                        "max": 7.0,
                        "min": 1.0
                      },
                      "function": "minecraft:set_count"
                    },
                    {
                      "enchantment": "minecraft:fortune",
                      "formula": "minecraft:uniform_bonus_count",
                      "function": "minecraft:apply_bonus",
                      "parameters": {
                        "bonusMultiplier": 1
                      }
                    },
                    {
                      "function": "minecraft:explosion_decay"
                    }
                  ],
                  "name": "scguns:compact_copper_round"
                },
                {
                  "type": "minecraft:item",
                  "functions": [
                    {
                      "add": false,
                      "count": {
                        "type": "minecraft:uniform",
                        "max": 7.0,
                        "min": 1.0
                      },
                      "function": "minecraft:set_count"
                    },
                    {
                      "enchantment": "minecraft:fortune",
                      "formula": "minecraft:uniform_bonus_count",
                      "function": "minecraft:apply_bonus",
                      "parameters": {
                        "bonusMultiplier": 1
                      }
                    },
                    {
                      "function": "minecraft:explosion_decay"
                    }
                  ],
                  "name": "scguns:standard_copper_round"
                },
                {
                  "type": "minecraft:item",
                  "functions": [
                    {
                      "add": false,
                      "count": {
                        "type": "minecraft:uniform",
                        "max": 7.0,
                        "min": 1.0
                      },
                      "function": "minecraft:set_count"
                    },
                    {
                      "enchantment": "minecraft:fortune",
                      "formula": "minecraft:uniform_bonus_count",
                      "function": "minecraft:apply_bonus",
                      "parameters": {
                        "bonusMultiplier": 1
                      }
                    },
                    {
                      "function": "minecraft:explosion_decay"
                    }
                  ],
                  "name": "scguns:ramrod_round"
                },
                {
                  "type": "minecraft:item",
                  "functions": [
                    {
                      "add": false,
                      "count": {
                        "type": "minecraft:uniform",
                        "max": 7.0,
                        "min": 1.0
                      },
                      "function": "minecraft:set_count"
                    },
                    {
                      "enchantment": "minecraft:fortune",
                      "formula": "minecraft:uniform_bonus_count",
                      "function": "minecraft:apply_bonus",
                      "parameters": {
                        "bonusMultiplier": 1
                      }
                    },
                    {
                      "function": "minecraft:explosion_decay"
                    }
                  ],
                  "name": "scguns:compact_advanced_round"
                },
                {
                  "type": "minecraft:item",
                  "functions": [
                    {
                      "add": false,
                      "count": {
                        "type": "minecraft:uniform",
                        "max": 2.0,
                        "min": 0.0
                      },
                      "function": "minecraft:set_count"
                    },
                    {
                      "enchantment": "minecraft:fortune",
                      "formula": "minecraft:uniform_bonus_count",
                      "function": "minecraft:apply_bonus",
                      "parameters": {
                        "bonusMultiplier": 1
                      }
                    },
                    {
                      "function": "minecraft:explosion_decay"
                    }
                  ],
                  "name": "scguns:copper_flare"
                },
                {
                  "type": "minecraft:item",
                  "functions": [
                    {
                      "add": false,
                      "count": {
                        "type": "minecraft:uniform",
                        "max": 2.0,
                        "min": 0.0
                      },
                      "function": "minecraft:set_count"
                    },
                    {
                      "enchantment": "minecraft:fortune",
                      "formula": "minecraft:uniform_bonus_count",
                      "function": "minecraft:apply_bonus",
                      "parameters": {
                        "bonusMultiplier": 1
                      }
                    },
                    {
                      "function": "minecraft:explosion_decay"
                    }
                  ],
                  "name": "scguns:iron_flare"
                },
                {
                  "type": "minecraft:item",
                  "functions": [
                    {
                      "add": false,
                      "count": {
                        "type": "minecraft:uniform",
                        "max": 2.0,
                        "min": 0.0
                      },
                      "function": "minecraft:set_count"
                    },
                    {
                      "enchantment": "minecraft:fortune",
                      "formula": "minecraft:uniform_bonus_count",
                      "function": "minecraft:apply_bonus",
                      "parameters": {
                        "bonusMultiplier": 1
                      }
                    },
                    {
                      "function": "minecraft:explosion_decay"
                    }
                  ],
                  "name": "scguns:wrecker_flare"
                },
                {
                  "type": "minecraft:item",
                  "functions": [
                    {
                      "add": false,
                      "count": {
                        "type": "minecraft:uniform",
                        "max": 7.0,
                        "min": 1.0
                      },
                      "function": "minecraft:set_count"
                    },
                    {
                      "enchantment": "minecraft:fortune",
                      "formula": "minecraft:uniform_bonus_count",
                      "function": "minecraft:apply_bonus",
                      "parameters": {
                        "bonusMultiplier": 1
                      }
                    },
                    {
                      "function": "minecraft:explosion_decay"
                    }
                  ],
                  "name": "scguns:advanced_round"
                },
                {
                  "type": "minecraft:item",
                  "functions": [
                    {
                      "add": false,
                      "count": {
                        "type": "minecraft:uniform",
                        "max": 7.0,
                        "min": 1.0
                      },
                      "function": "minecraft:set_count"
                    },
                    {
                      "enchantment": "minecraft:fortune",
                      "formula": "minecraft:uniform_bonus_count",
                      "function": "minecraft:apply_bonus",
                      "parameters": {
                        "bonusMultiplier": 1
                      }
                    },
                    {
                      "function": "minecraft:explosion_decay"
                    }
                  ],
                  "name": "scguns:shotgun_shell"
                },
                {
                  "type": "minecraft:item",
                  "functions": [
                    {
                      "add": false,
                      "count": {
                        "type": "minecraft:uniform",
                        "max": 5.0,
                        "min": 1.0
                      },
                      "function": "minecraft:set_count"
                    },
                    {
                      "enchantment": "minecraft:fortune",
                      "formula": "minecraft:uniform_bonus_count",
                      "function": "minecraft:apply_bonus",
                      "parameters": {
                        "bonusMultiplier": 1
                      }
                    },
                    {
                      "function": "minecraft:explosion_decay"
                    }
                  ],
                  "name": "scguns:microjet"
                }
              ]
            }
          ]
        }
      ],
      "rolls": 1.0
    },
    {
      "bonus_rolls": 0.0,
      "entries": [
        {
          "type": "minecraft:sequence",
          "conditions": [
            {
              "condition": "minecraft:inverted",
              "term": {
                "condition": "minecraft:match_tool",
                "predicate": {
                  "enchantments": [
                    {
                      "enchantment": "minecraft:silk_touch",
                      "levels": {
                        "min": 1
                      }
                    }
                  ]
                }
              }
            }
          ],
          "children": [
            {
              "type": "minecraft:item",
              "functions": [
                {
                  "add": false,
                  "count": {
                    "type": "minecraft:uniform",
                    "max": 7.0,
                    "min": 1.0
                  },
                  "function": "minecraft:set_count"
                },
                {
                  "enchantment": "minecraft:fortune",
                  "formula": "minecraft:uniform_bonus_count",
                  "function": "minecraft:apply_bonus",
                  "parameters": {
                    "bonusMultiplier": 1
                  }
                },
                {
                  "function": "minecraft:explosion_decay"
                }
              ],
              "name": "scguns:compact_copper_round"
            },
            {
              "type": "minecraft:item",
              "functions": [
                {
                  "add": false,
                  "count": {
                    "type": "minecraft:uniform",
                    "max": 7.0,
                    "min": 1.0
                  },
                  "function": "minecraft:set_count"
                },
                {
                  "enchantment": "minecraft:fortune",
                  "formula": "minecraft:uniform_bonus_count",
                  "function": "minecraft:apply_bonus",
                  "parameters": {
                    "bonusMultiplier": 1
                  }
                },
                {
                  "function": "minecraft:explosion_decay"
                }
              ],
              "name": "scguns:standard_copper_round"
            },
            {
              "type": "minecraft:item",
              "functions": [
                {
                  "add": false,
                  "count": {
                    "type": "minecraft:uniform",
                    "max": 7.0,
                    "min": 1.0
                  },
                  "function": "minecraft:set_count"
                },
                {
                  "enchantment": "minecraft:fortune",
                  "formula": "minecraft:uniform_bonus_count",
                  "function": "minecraft:apply_bonus",
                  "parameters": {
                    "bonusMultiplier": 1
                  }
                },
                {
                  "function": "minecraft:explosion_decay"
                }
              ],
              "name": "scguns:ramrod_round"
            },
            {
              "type": "minecraft:item",
              "functions": [
                {
                  "add": false,
                  "count": {
                    "type": "minecraft:uniform",
                    "max": 7.0,
                    "min": 1.0
                  },
                  "function": "minecraft:set_count"
                },
                {
                  "enchantment": "minecraft:fortune",
                  "formula": "minecraft:uniform_bonus_count",
                  "function": "minecraft:apply_bonus",
                  "parameters": {
                    "bonusMultiplier": 1
                  }
                },
                {
                  "function": "minecraft:explosion_decay"
                }
              ],
              "name": "scguns:compact_advanced_round"
            },
            {
              "type": "minecraft:item",
              "functions": [
                {
                  "add": false,
                  "count": {
                    "type": "minecraft:uniform",
                    "max": 7.0,
                    "min": 1.0
                  },
                  "function": "minecraft:set_count"
                },
                {
                  "enchantment": "minecraft:fortune",
                  "formula": "minecraft:uniform_bonus_count",
                  "function": "minecraft:apply_bonus",
                  "parameters": {
                    "bonusMultiplier": 1
                  }
                },
                {
                  "function": "minecraft:explosion_decay"
                }
              ],
              "name": "scguns:advanced_round"
            },
            {
              "type": "minecraft:item",
              "functions": [
                {
                  "add": false,
                  "count": {
                    "type": "minecraft:uniform",
                    "max": 7.0,
                    "min": 1.0
                  },
                  "function": "minecraft:set_count"
                },
                {
                  "enchantment": "minecraft:fortune",
                  "formula": "minecraft:uniform_bonus_count",
                  "function": "minecraft:apply_bonus",
                  "parameters": {
                    "bonusMultiplier": 1
                  }
                },
                {
                  "function": "minecraft:explosion_decay"
                }
              ],
              "name": "scguns:shotgun_shell"
            },
            {
              "type": "minecraft:item",
              "functions": [
                {
                  "add": false,
                  "count": {
                    "type": "minecraft:uniform",
                    "max": 5.0,
                    "min": 1.0
                  },
                  "function": "minecraft:set_count"
                },
                {
                  "enchantment": "minecraft:fortune",
                  "formula": "minecraft:uniform_bonus_count",
                  "function": "minecraft:apply_bonus",
                  "parameters": {
                    "bonusMultiplier": 1
                  }
                },
                {
                  "function": "minecraft:explosion_decay"
                }
              ],
              "name": "scguns:microjet"
            }
          ]
        }
      ],
      "rolls": 2.0
    }
  ],
  "random_sequence": "scguns:blocks/supply_crate"
}