{
  "pools": [
    {
      "rolls": 2,
      "entries": [
        {
          "type": "minecraft:item",
          "functions": [
            {
              "function": "minecraft:set_damage",
              "damage": {
                "min": 0.8,
                "max": 1.0
              }
            },
            {
              "function": "minecraft:enchant_randomly"
            }
          ],
          "name": "scguns:super_shotgun"
        },
        {
          "type": "minecraft:item",
          "functions": [
            {
              "function": "minecraft:set_count",
              "count": {
                "min": 0.0,
                "max": 3.0,
                "type": "minecraft:uniform"
              }
            }
          ],
          "name": "scguns:gold_flare"
        },
        {
          "type": "minecraft:item",
          "name": "scguns:blueprint_scrap"
        },
        {
          "type": "minecraft:item",
          "functions": [
            {
              "function": "minecraft:set_count",
              "count": {
                "min": 2.0,
                "max": 16.0,
                "type": "minecraft:uniform"
              }
            }
          ],
          "name": "scguns:shotgun_shell"
        },
        {
          "type": "minecraft:empty",
          "weight": 1
        }
      ]
    }
  ]
}
