{
    "type": "minecraft:tree",
    "config": {
        "decorators": [],
        "dirt_provider": {
            "type": "minecraft:simple_state_provider",
            "state": {
                "Name": "minecraft:dirt"
            }
        },
        "foliage_placer": {
            "type": "minecraft:mega_pine_foliage_placer",
            "crown_height": {
                "type": "minecraft:uniform",
                "min_inclusive": 16,
                "max_inclusive": 23
            },
            "offset": 0,
            "radius": {
                "type": "minecraft:uniform",
                "min_inclusive": 0,
                "max_inclusive": 2
            }
        },
        "foliage_provider": {
            "type": "minecraft:simple_state_provider",
            "state": {
                "Name": "minecraft:dark_oak_leaves",
                "Properties": {
                    "distance": "7",
                    "persistent": "false",
                    "waterlogged": "false"
                }
            }
        },
        "force_dirt": false,
        "ignore_vines": false,
        "minimum_size": {
            "type": "minecraft:two_layers_feature_size",
            "limit": 0,
            "lower_size": 0,
            "upper_size": 0
        },
        "trunk_placer": {
            "type": "minecraft:giant_trunk_placer",
            "base_height": 13,
            "height_rand_a": 8,
            "height_rand_b": 18
        },
        "trunk_provider": {
            "type": "minecraft:simple_state_provider",
            "state": {
                "Name": "minecraft:dark_oak_log",
                "Properties": {
                    "axis": "y"
                }
            }
        }
    }
}