{
    "type": "minecraft:tree",
    "config": {
        "decorators": [],
        "dirt_provider": {
            "type": "minecraft:simple_state_provider",
            "state": {
                "Name": "minecraft:dirt"
            }
        },
        "foliage_placer": {
            "type": "minecraft:spruce_foliage_placer",
            "offset": 0,
            "radius": {
                "type": "minecraft:uniform",
                "min_inclusive": 3,
                "max_inclusive": 4
            },
            "trunk_height": {
                "type": "minecraft:uniform",
                "min_inclusive": 9,
                "max_inclusive": 11
            }
        },
        "foliage_provider": {
            "type": "minecraft:weighted_state_provider",
            "entries": [
                {
                    "data": {
                        "Name": "minecraft:spruce_leaves",
                        "Properties": {
                            "distance": "7",
                            "persistent": "false",
                            "waterlogged": "false"
                        }
                    },
                    "weight": 12
                }
            ]
        },
        "force_dirt": true,
        "ignore_vines": true,
        "minimum_size": {
            "type": "minecraft:two_layers_feature_size",
            "limit": 1,
            "lower_size": 0,
            "upper_size": 1
        },
        "trunk_placer": {
            "type": "minecraft:straight_trunk_placer",
            "base_height": 11,
            "height_rand_a": 4,
            "height_rand_b": 4
        },
        "trunk_provider": {
            "type": "minecraft:simple_state_provider",
            "state": {
                "Name": "minecraft:stripped_spruce_log",
                "Properties": {
                    "axis": "y"
                }
            }
        }
    }
}