{
  "raid_id": "copper",
  "raid_level": 2,

  "boss": {
    "entity_type": "minecraft:husk",
    "custom_name": "translation:raid.boss.scguns.copper",
    "fixed_health": 65.0,
    "weapon": {
      "item": "scguns:birdfeeder",
      "drop_chance": 0.25
    },
    "armor": [
      {
        "item": "scguns:scrap_helmet",
        "slot": "head",
        "drop_chance": 0.2
      },
      {
        "item": "scguns:scrap_chestplate",
        "slot": "chest",
        "drop_chance": 0.2
      },
      {
        "item": "scguns:scrap_leggings",
        "slot": "legs",
        "drop_chance": 0.15
      },
      {
        "item": "scguns:scrap_boots",
        "slot": "feet",
        "drop_chance": 0.15
      }
    ],
    "effects": [
      {
        "effect": "minecraft:regeneration",
        "amplifier": 0,
        "duration": -1,
        "ambient": false,
        "visible": false
      }
    ],
    "ai_difficulty": 4,
    "ai_type": "TACTICAL",
    "special_loot_table": "scguns:raids/copper_boss"
  },

  "henchmen": {
    "types": [
      {
        "entity_type": "minecraft:zombie",
        "weight": 4.0,
        "health_multiplier": 1.3,
        "weapons": [
          "scguns:scrapper",
          "scguns:makeshift_rifle",
          "minecraft:iron_sword",
          "minecraft:stone_axe"
        ],
        "armor": [
          {
            "item": "scguns:scrap_helmet",
            "slot": "head",
            "chance": 1.0
          },
          {
            "item": "scguns:scrap_chestplate",
            "slot": "chest",
            "chance": 0.4
          }
        ],
        "effects": [
          {
            "effect": "minecraft:speed",
            "amplifier": 0,
            "duration": -1,
            "ambient": false,
            "visible": false
          }
        ],
        "ai_difficulty": 2,
        "ai_type": "RECKLESS"
      },
      {
        "entity_type": "minecraft:skeleton",
        "weight": 2.0,
        "fixed_health": 30.0,
        "weapons": [
          "scguns:rusty_gnat",
          "scguns:boomstick",
          "minecraft:stone_sword",
            "minecraft:iron_axe"
        ],
        "armor": [
          {
            "item": "scguns:scrap_helmet",
            "slot": "head",
            "chance": 1.0
          }
        ],
        "ai_difficulty": 2,
        "ai_type": "DEFAULT"
      },
      {
        "entity_type": "minecraft:husk",
        "weight": 1.5,
        "health_multiplier": 1.4,
        "weapons": [
          "scguns:llr_director",
          "scguns:scrapper",
          "minecraft:iron_sword",
            "minecraft:iron_axe"
        ],
        "armor": [
          {
            "item": "scguns:scrap_helmet",
            "slot": "head",
            "chance": 0.5
          },
          {
            "item": "minecraft:scrap_chestplate",
            "slot": "chest",
            "chance": 0.8
          }
        ],
        "effects": [
          {
            "effect": "minecraft:speed",
            "amplifier": 0,
            "duration": -1,
            "ambient": true,
            "visible": false
          }
        ],
        "ai_difficulty": 3,
        "ai_type": "DEFAULT"
      }
    ],
    "spawn_interval_ticks": 300,
    "max_alive": 8,
    "spawn_radius": 15,
    "spawn_attempts_per_wave": 4
  },

  "spawn_conditions": {
    "min_players_nearby": 1,
    "search_radius": 64,
    "valid_dimensions": [
      "minecraft:overworld"
    ],
    "announcement_message": "translation:raid.announcement.scguns.copper"
  }
}