{
  "raid_id": "iron",
  "raid_level": 3,

  "boss": {
    "entity_type": "minecraft:skeleton",
    "custom_name": "translation:raid.boss.scguns.iron",
    "fixed_health": 150.0,
    "weapon": {
      "item": "scguns:iron_spear",
      "drop_chance": 0.25
    },
    "armor": [
      {
        "item": "scguns:anthralite_respirator",
        "slot": "head",
        "drop_chance": 0.2
      },
      {
        "item": "scguns:anthralite_chestplate",
        "slot": "chest",
        "drop_chance": 0.2
      },
      {
        "item": "scguns:anthralite_leggings",
        "slot": "legs",
        "drop_chance": 0.15
      },
      {
        "item": "scguns:anthralite_boots",
        "slot": "feet",
        "drop_chance": 0.15
      }
    ],
    "effects": [
      {
        "effect": "minecraft:regeneration",
        "amplifier": 0,
        "duration": -1,
        "ambient": false,
        "visible": false
      }
    ],
    "ai_difficulty": 4,
    "ai_type": "TACTICAL",
    "special_loot_table": "scguns:raids/iron_boss",
    "mount": {
      "entity_type": "minecraft:ravager",
      "health_multiplier": 1.5,
      "armor": [

      ],
      "effects": [
        {
          "effect": "minecraft:speed",
          "amplifier": 1,
          "duration": -1,
          "ambient": true,
          "visible": false
        }
      ],
      "drops_loot": false
    }
  },

  "henchmen": {
    "types": [
      {
        "entity_type": "minecraft:zombie",
        "weight": 4.0,
        "health_multiplier": 1.3,
        "weapons": [
          "scguns:brawler",
          "scguns:combat_shotgun",
          "scguns:greaser_smg",
          "minecraft:iron_axe"
        ],
        "armor": [
          {
            "item": "scguns:anthralite_helmet",
            "slot": "head",
            "chance": 1.0
          },
          {
            "item": "scguns:anthralite_chestplate",
            "slot": "chest",
            "chance": 0.4
          },
            {
                "item": "scguns:anthralite_leggings",
                "slot": "legs",
                "chance": 0.4
            },
            {
                "item": "scguns:anthralite_boots",
                "slot": "feet",
                "chance": 0.4
            }
        ],
        "effects": [
          {
            "effect": "minecraft:speed",
            "amplifier": 0,
            "duration": -1,
            "ambient": false,
            "visible": false
          }
        ],
        "ai_difficulty": 2,
        "ai_type": "RECKLESS"
      },
      {
        "entity_type": "minecraft:stray",
        "weight": 2.0,
        "fixed_health": 30.0,
        "weapons": [
          "scguns:iron_javelin",
          "scguns:m3_carabine",
          "scguns:trenchur",
          "minecraft:iron_sword"
        ],
        "armor": [
          {
            "item": "scguns:ridgetop",
            "slot": "head",
            "chance": 1.0
          }
        ],
        "ai_difficulty": 2,
        "ai_type": "DEFAULT"
      },
      {
        "entity_type": "minecraft:husk",
        "weight": 1.5,
        "health_multiplier": 1.4,
        "weapons": [
          "scguns:auvtomag",
          "scguns:greaser_smg",
          "scguns:defender_pistol",
          "minecraft:iron_axe"
        ],
        "armor": [
          {
            "item": "scguns:anthralite_respirator",
            "slot": "head",
            "chance": 0.5
          },
          {
            "item": "scguns:anthralite_chestplate",
            "slot": "chest",
            "chance": 0.6
          }
        ],
        "effects": [
          {
            "effect": "minecraft:strength",
            "amplifier": 0,
            "duration": -1,
            "ambient": true,
            "visible": false
          }
        ],
        "ai_difficulty": 3,
        "ai_type": "RECKLESS"
      }
    ],
    "spawn_interval_ticks": 300,
    "max_alive": 10,
    "spawn_radius": 15,
    "spawn_attempts_per_wave": 4
  },

  "spawn_conditions": {
    "min_players_nearby": 1,
    "search_radius": 64,
    "valid_dimensions": [
      "minecraft:overworld"
    ],
    "announcement_message": "translation:raid.announcement.scguns.iron"
  }
}