{
  "parent": "scguns:main/craft_gun_bench",
  "criteria": {
    "flintlock_pistol": {
      "conditions": {
        "items": [
          {
            "items": [
              "scguns:flintlock_pistol"
            ]
          }
        ]
      },
      "trigger": "minecraft:inventory_changed"
    }
  },
  "display": {
    "announce_to_chat": false,
    "description": {
      "translate": "scguns.advancement.flintlock_pistol.desc"
    },
    "frame": "task",
    "hidden": false,
    "icon": {
      "item": "scguns:flintlock_pistol"
    },
    "show_toast": true,
    "title": {
      "translate": "scguns.advancement.flintlock_pistol"
    }
  },
  "requirements": [
    [
      "flintlock_pistol"
    ]
  ],
  "sends_telemetry_event": true
}