{
  "parent": "scguns:main/blackpowder/blunderbuss",
  "criteria": {
    "repeating_musket": {
      "conditions": {
        "items": [
          {
            "items": [
              "scguns:repeating_musket"
            ]
          }
        ]
      },
      "trigger": "minecraft:inventory_changed"
    }
  },
  "display": {
    "announce_to_chat": false,
    "description": {
      "translate": "scguns.advancement.repeating_musket.desc"
    },
    "frame": "task",
    "hidden": false,
    "icon": {
      "item": "scguns:repeating_musket"
    },
    "show_toast": true,
    "title": {
      "translate": "scguns.advancement.repeating_musket"
    }
  },
  "requirements": [
    [
      "repeating_musket"
    ]
  ],
  "sends_telemetry_event": true
}