{
    "pools": [
        {
            "entries": [
                {
                    "type": "minecraft:item",
                    "functions": [
                        {
                            "count": {
                                "max": 15,
                                "min": 11
                            },
                            "function": "minecraft:set_count"
                        }
                    ],
                    "name": "minecraft:honeycomb"
                }
            ],
            "rolls": 1
        },
        {
            "entries": [
                {
                    "type": "minecraft:item",
                    "functions": [
                        {
                            "count": {
                                "max": 7,
                                "min": 4
                            },
                            "function": "minecraft:set_count"
                        }
                    ],
                    "name": "minecraft:honey_bottle"
                }
            ],
            "rolls": 1
        },
        {
            "entries": [
                {
                    "type": "minecraft:loot_table",
                    "value": "terralith:royal_jelly"
                }
            ],
            "rolls": 1
        }
    ]
}