{
    "type": "minecraft:crafting_shaped",
    "pattern": [
        "###",
        "nBn",
        "CCC"
    ],
    "key": {
        "#": {
            "item": "create:brass_block"
        },
        "n": {
            "item": "minecraft:netherite_ingot"
        },
        "B": {
            "item": "minecraft:beacon"
        },
        "C": {
            "item": "minecraft:copper_block"
        }
    },
    "result": {
        "item": "vs_clockwork:gravitron",
        "count": 1
    }
}